Messstellennummer,Decade,Decade_Label,Month,Label,Monatsmittelwert_Pegelstand_m_NHN,q05,q95
5800106,2010,2010 - 2019,01,"Schäfersee (Schäfersee, id: 5800106, fluss-km: NA)",37.47983870967742,37.440000000000005,37.52
5800106,2010,2010 - 2019,02,"Schäfersee (Schäfersee, id: 5800106, fluss-km: NA)",37.47591715976332,37.440000000000005,37.510000000000005
5800106,2010,2010 - 2019,03,"Schäfersee (Schäfersee, id: 5800106, fluss-km: NA)",37.48672043010753,37.46,37.52
5800106,2010,2010 - 2019,04,"Schäfersee (Schäfersee, id: 5800106, fluss-km: NA)",37.47805555555556,37.43000000000001,37.56
5800106,2010,2010 - 2019,05,"Schäfersee (Schäfersee, id: 5800106, fluss-km: NA)",37.45623655913979,37.39,37.557500000000005
5800106,2010,2010 - 2019,06,"Schäfersee (Schäfersee, id: 5800106, fluss-km: NA)",37.43066666666667,37.3095,37.5
5800106,2010,2010 - 2019,07,"Schäfersee (Schäfersee, id: 5800106, fluss-km: NA)",37.41698924731183,37.290000000000006,37.542500000000004
5800106,2010,2010 - 2019,08,"Schäfersee (Schäfersee, id: 5800106, fluss-km: NA)",37.39064516129033,37.21,37.5
5800106,2010,2010 - 2019,09,"Schäfersee (Schäfersee, id: 5800106, fluss-km: NA)",37.36755555555556,37.11000000000001,37.4805
5800106,2010,2010 - 2019,10,"Schäfersee (Schäfersee, id: 5800106, fluss-km: NA)",37.39763440860215,37.14,37.510000000000005
5800106,2010,2010 - 2019,11,"Schäfersee (Schäfersee, id: 5800106, fluss-km: NA)",37.429476190476194,37.2045,37.53
5800106,2010,2010 - 2019,12,"Schäfersee (Schäfersee, id: 5800106, fluss-km: NA)",37.47253456221198,37.38,37.53
5800106,2020,2020 - 2029,01,"Schäfersee (Schäfersee, id: 5800106, fluss-km: NA)",37.43645161290323,37.370000000000005,37.493
5800106,2020,2020 - 2029,02,"Schäfersee (Schäfersee, id: 5800106, fluss-km: NA)",37.44591549295775,37.370000000000005,37.510000000000005
5800106,2020,2020 - 2029,03,"Schäfersee (Schäfersee, id: 5800106, fluss-km: NA)",37.43677419354839,37.370000000000005,37.493
5800106,2020,2020 - 2029,04,"Schäfersee (Schäfersee, id: 5800106, fluss-km: NA)",37.43188976377953,37.36000000000001,37.487
5800106,2020,2020 - 2029,05,"Schäfersee (Schäfersee, id: 5800106, fluss-km: NA)",37.405967741935484,37.36000000000001,37.49
5800106,2020,2020 - 2029,06,"Schäfersee (Schäfersee, id: 5800106, fluss-km: NA)",37.338833333333334,37.219500000000004,37.4805
5800106,2020,2020 - 2029,07,"Schäfersee (Schäfersee, id: 5800106, fluss-km: NA)",37.40443548387097,37.300000000000004,37.49
5800106,2020,2020 - 2029,08,"Schäfersee (Schäfersee, id: 5800106, fluss-km: NA)",37.3708870967742,37.260000000000005,37.470000000000006
5800106,2020,2020 - 2029,09,"Schäfersee (Schäfersee, id: 5800106, fluss-km: NA)",37.36508333333334,37.2095,37.470000000000006
5800106,2020,2020 - 2029,10,"Schäfersee (Schäfersee, id: 5800106, fluss-km: NA)",37.42645161290323,37.370000000000005,37.480000000000004
5800106,2020,2020 - 2029,11,"Schäfersee (Schäfersee, id: 5800106, fluss-km: NA)",37.43108333333334,37.400000000000006,37.5
5800106,2020,2020 - 2029,12,"Schäfersee (Schäfersee, id: 5800106, fluss-km: NA)",37.43040322580646,37.370000000000005,37.4985
5800107,1960,1960 - 1969,01,"Am Wolfsschluchtkanal (Krumme Lanke, id: 5800107, fluss-km: NA)",31.66559139784946,31.6,31.741000000000003
5800107,1960,1960 - 1969,02,"Am Wolfsschluchtkanal (Krumme Lanke, id: 5800107, fluss-km: NA)",31.658543307086614,31.6,31.740000000000002
5800107,1960,1960 - 1969,03,"Am Wolfsschluchtkanal (Krumme Lanke, id: 5800107, fluss-km: NA)",31.66741935483871,31.6,31.75
5800107,1960,1960 - 1969,04,"Am Wolfsschluchtkanal (Krumme Lanke, id: 5800107, fluss-km: NA)",31.647074074074073,31.59,31.73
5800107,1960,1960 - 1969,05,"Am Wolfsschluchtkanal (Krumme Lanke, id: 5800107, fluss-km: NA)",31.646487455197132,31.6,31.7
5800107,1960,1960 - 1969,06,"Am Wolfsschluchtkanal (Krumme Lanke, id: 5800107, fluss-km: NA)",31.62925925925926,31.57,31.695499999999996
5800107,1960,1960 - 1969,07,"Am Wolfsschluchtkanal (Krumme Lanke, id: 5800107, fluss-km: NA)",31.637706093189966,31.56,31.751
5800107,1960,1960 - 1969,08,"Am Wolfsschluchtkanal (Krumme Lanke, id: 5800107, fluss-km: NA)",31.626272401433692,31.57,31.68
5800107,1960,1960 - 1969,09,"Am Wolfsschluchtkanal (Krumme Lanke, id: 5800107, fluss-km: NA)",31.62911111111111,31.57,31.740000000000002
5800107,1960,1960 - 1969,10,"Am Wolfsschluchtkanal (Krumme Lanke, id: 5800107, fluss-km: NA)",31.62347670250896,31.57,31.72
5800107,1960,1960 - 1969,11,"Am Wolfsschluchtkanal (Krumme Lanke, id: 5800107, fluss-km: NA)",31.64796666666667,31.57,31.72
5800107,1960,1960 - 1969,12,"Am Wolfsschluchtkanal (Krumme Lanke, id: 5800107, fluss-km: NA)",31.663064516129033,31.6045,31.72
5800107,1970,1970 - 1979,01,"Am Wolfsschluchtkanal (Krumme Lanke, id: 5800107, fluss-km: NA)",31.727612903225808,31.64,31.82
5800107,1970,1970 - 1979,02,"Am Wolfsschluchtkanal (Krumme Lanke, id: 5800107, fluss-km: NA)",31.70936170212766,31.63,31.79
5800107,1970,1970 - 1979,03,"Am Wolfsschluchtkanal (Krumme Lanke, id: 5800107, fluss-km: NA)",31.70583870967742,31.66,31.75
5800107,1970,1970 - 1979,04,"Am Wolfsschluchtkanal (Krumme Lanke, id: 5800107, fluss-km: NA)",31.6963,31.6,31.740000000000002
5800107,1970,1970 - 1979,05,"Am Wolfsschluchtkanal (Krumme Lanke, id: 5800107, fluss-km: NA)",31.702129032258064,31.650000000000002,31.740000000000002
5800107,1970,1970 - 1979,06,"Am Wolfsschluchtkanal (Krumme Lanke, id: 5800107, fluss-km: NA)",31.697633333333332,31.66,31.73
5800107,1970,1970 - 1979,07,"Am Wolfsschluchtkanal (Krumme Lanke, id: 5800107, fluss-km: NA)",31.70267741935484,31.66,31.73
5800107,1970,1970 - 1979,08,"Am Wolfsschluchtkanal (Krumme Lanke, id: 5800107, fluss-km: NA)",31.707838709677418,31.66,31.75
5800107,1970,1970 - 1979,09,"Am Wolfsschluchtkanal (Krumme Lanke, id: 5800107, fluss-km: NA)",31.7058,31.67,31.75
5800107,1970,1970 - 1979,10,"Am Wolfsschluchtkanal (Krumme Lanke, id: 5800107, fluss-km: NA)",31.70332258064516,31.650000000000002,31.7555
5800107,1970,1970 - 1979,11,"Am Wolfsschluchtkanal (Krumme Lanke, id: 5800107, fluss-km: NA)",31.703133333333334,31.61,31.76
5800107,1970,1970 - 1979,12,"Am Wolfsschluchtkanal (Krumme Lanke, id: 5800107, fluss-km: NA)",31.71758064516129,31.67,31.76
5800107,1980,1980 - 1989,01,"Am Wolfsschluchtkanal (Krumme Lanke, id: 5800107, fluss-km: NA)",31.72658064516129,31.68,31.825499999999998
5800107,1980,1980 - 1989,02,"Am Wolfsschluchtkanal (Krumme Lanke, id: 5800107, fluss-km: NA)",31.700318021201415,31.650000000000002,31.76
5800107,1980,1980 - 1989,03,"Am Wolfsschluchtkanal (Krumme Lanke, id: 5800107, fluss-km: NA)",31.70190322580645,31.66,31.7655
5800107,1980,1980 - 1989,04,"Am Wolfsschluchtkanal (Krumme Lanke, id: 5800107, fluss-km: NA)",31.701766666666668,31.650000000000002,31.75
5800107,1980,1980 - 1989,05,"Am Wolfsschluchtkanal (Krumme Lanke, id: 5800107, fluss-km: NA)",31.707451612903228,31.66,31.740000000000002
5800107,1980,1980 - 1989,06,"Am Wolfsschluchtkanal (Krumme Lanke, id: 5800107, fluss-km: NA)",31.7147,31.650000000000002,31.8005
5800107,1980,1980 - 1989,07,"Am Wolfsschluchtkanal (Krumme Lanke, id: 5800107, fluss-km: NA)",31.70874193548387,31.67,31.75
5800107,1980,1980 - 1989,08,"Am Wolfsschluchtkanal (Krumme Lanke, id: 5800107, fluss-km: NA)",31.698,31.5045,31.79
5800107,1980,1980 - 1989,09,"Am Wolfsschluchtkanal (Krumme Lanke, id: 5800107, fluss-km: NA)",31.665166666666668,31.47,31.78
5800107,1980,1980 - 1989,10,"Am Wolfsschluchtkanal (Krumme Lanke, id: 5800107, fluss-km: NA)",31.674,31.554499999999997,31.75
5800107,1980,1980 - 1989,11,"Am Wolfsschluchtkanal (Krumme Lanke, id: 5800107, fluss-km: NA)",31.7152,31.650000000000002,31.76
5800107,1980,1980 - 1989,12,"Am Wolfsschluchtkanal (Krumme Lanke, id: 5800107, fluss-km: NA)",31.74716129032258,31.6845,31.830000000000002
5800107,1990,1990 - 1999,01,"Am Wolfsschluchtkanal (Krumme Lanke, id: 5800107, fluss-km: NA)",31.7441935483871,31.69,31.7855
5800107,1990,1990 - 1999,02,"Am Wolfsschluchtkanal (Krumme Lanke, id: 5800107, fluss-km: NA)",31.735460992907804,31.7,31.78
5800107,1990,1990 - 1999,03,"Am Wolfsschluchtkanal (Krumme Lanke, id: 5800107, fluss-km: NA)",31.72158064516129,31.67,31.7755
5800107,1990,1990 - 1999,04,"Am Wolfsschluchtkanal (Krumme Lanke, id: 5800107, fluss-km: NA)",31.721333333333334,31.669500000000003,31.77
5800107,1990,1990 - 1999,05,"Am Wolfsschluchtkanal (Krumme Lanke, id: 5800107, fluss-km: NA)",31.714741935483872,31.62,31.78
5800107,1990,1990 - 1999,06,"Am Wolfsschluchtkanal (Krumme Lanke, id: 5800107, fluss-km: NA)",31.717200000000002,31.64,31.79
5800107,1990,1990 - 1999,07,"Am Wolfsschluchtkanal (Krumme Lanke, id: 5800107, fluss-km: NA)",31.723709677419354,31.6445,31.79
5800107,1990,1990 - 1999,08,"Am Wolfsschluchtkanal (Krumme Lanke, id: 5800107, fluss-km: NA)",31.73583870967742,31.650000000000002,31.79
5800107,1990,1990 - 1999,09,"Am Wolfsschluchtkanal (Krumme Lanke, id: 5800107, fluss-km: NA)",31.7228,31.6,31.8
5800107,1990,1990 - 1999,10,"Am Wolfsschluchtkanal (Krumme Lanke, id: 5800107, fluss-km: NA)",31.727483870967742,31.68,31.8
5800107,1990,1990 - 1999,11,"Am Wolfsschluchtkanal (Krumme Lanke, id: 5800107, fluss-km: NA)",31.749766666666666,31.7,31.8
5800107,1990,1990 - 1999,12,"Am Wolfsschluchtkanal (Krumme Lanke, id: 5800107, fluss-km: NA)",31.742064516129034,31.69,31.79
5800107,2000,2000 - 2009,01,"Am Wolfsschluchtkanal (Krumme Lanke, id: 5800107, fluss-km: NA)",31.629451612903225,31.57,31.735500000000002
5800107,2000,2000 - 2009,02,"Am Wolfsschluchtkanal (Krumme Lanke, id: 5800107, fluss-km: NA)",31.603321554770318,31.52,31.72
5800107,2000,2000 - 2009,03,"Am Wolfsschluchtkanal (Krumme Lanke, id: 5800107, fluss-km: NA)",31.58906451612903,31.490000000000002,31.69
5800107,2000,2000 - 2009,04,"Am Wolfsschluchtkanal (Krumme Lanke, id: 5800107, fluss-km: NA)",31.5794,31.51,31.66
5800107,2000,2000 - 2009,05,"Am Wolfsschluchtkanal (Krumme Lanke, id: 5800107, fluss-km: NA)",31.565354838709677,31.4445,31.66
5800107,2000,2000 - 2009,06,"Am Wolfsschluchtkanal (Krumme Lanke, id: 5800107, fluss-km: NA)",31.569766666666666,31.490000000000002,31.66
5800107,2000,2000 - 2009,07,"Am Wolfsschluchtkanal (Krumme Lanke, id: 5800107, fluss-km: NA)",31.598354838709678,31.52,31.67
5800107,2000,2000 - 2009,08,"Am Wolfsschluchtkanal (Krumme Lanke, id: 5800107, fluss-km: NA)",31.58861290322581,31.51,31.66
5800107,2000,2000 - 2009,09,"Am Wolfsschluchtkanal (Krumme Lanke, id: 5800107, fluss-km: NA)",31.580933333333334,31.490000000000002,31.66
5800107,2000,2000 - 2009,10,"Am Wolfsschluchtkanal (Krumme Lanke, id: 5800107, fluss-km: NA)",31.589129032258064,31.51,31.68
5800107,2000,2000 - 2009,11,"Am Wolfsschluchtkanal (Krumme Lanke, id: 5800107, fluss-km: NA)",31.596233333333334,31.5195,31.670500000000004
5800107,2000,2000 - 2009,12,"Am Wolfsschluchtkanal (Krumme Lanke, id: 5800107, fluss-km: NA)",31.59648387096774,31.5345,31.66
5800107,2010,2010 - 2019,01,"Am Wolfsschluchtkanal (Krumme Lanke, id: 5800107, fluss-km: NA)",31.639,31.59,31.68
5800107,2010,2010 - 2019,02,"Am Wolfsschluchtkanal (Krumme Lanke, id: 5800107, fluss-km: NA)",31.6404609929078,31.6,31.67
5800107,2010,2010 - 2019,03,"Am Wolfsschluchtkanal (Krumme Lanke, id: 5800107, fluss-km: NA)",31.641806451612904,31.59,31.68
5800107,2010,2010 - 2019,04,"Am Wolfsschluchtkanal (Krumme Lanke, id: 5800107, fluss-km: NA)",31.631466666666668,31.59,31.67
5800107,2010,2010 - 2019,05,"Am Wolfsschluchtkanal (Krumme Lanke, id: 5800107, fluss-km: NA)",31.615451612903225,31.43,31.67
5800107,2010,2010 - 2019,06,"Am Wolfsschluchtkanal (Krumme Lanke, id: 5800107, fluss-km: NA)",31.627200000000002,31.549000000000003,31.670500000000004
5800107,2010,2010 - 2019,07,"Am Wolfsschluchtkanal (Krumme Lanke, id: 5800107, fluss-km: NA)",31.63732258064516,31.56,31.69
5800107,2010,2010 - 2019,08,"Am Wolfsschluchtkanal (Krumme Lanke, id: 5800107, fluss-km: NA)",31.63916129032258,31.57,31.68
5800107,2010,2010 - 2019,09,"Am Wolfsschluchtkanal (Krumme Lanke, id: 5800107, fluss-km: NA)",31.6294,31.53,31.68
5800107,2010,2010 - 2019,10,"Am Wolfsschluchtkanal (Krumme Lanke, id: 5800107, fluss-km: NA)",31.622612903225807,31.53,31.7
5800107,2010,2010 - 2019,11,"Am Wolfsschluchtkanal (Krumme Lanke, id: 5800107, fluss-km: NA)",31.6356,31.57,31.680500000000002
5800107,2010,2010 - 2019,12,"Am Wolfsschluchtkanal (Krumme Lanke, id: 5800107, fluss-km: NA)",31.640064516129033,31.5745,31.7
5800107,2020,2020 - 2029,01,"Am Wolfsschluchtkanal (Krumme Lanke, id: 5800107, fluss-km: NA)",31.65658064516129,31.6,31.71
5800107,2020,2020 - 2029,02,"Am Wolfsschluchtkanal (Krumme Lanke, id: 5800107, fluss-km: NA)",31.630845070422534,31.54,31.7
5800107,2020,2020 - 2029,03,"Am Wolfsschluchtkanal (Krumme Lanke, id: 5800107, fluss-km: NA)",31.642709677419354,31.577000000000005,31.692999999999998
5800107,2020,2020 - 2029,04,"Am Wolfsschluchtkanal (Krumme Lanke, id: 5800107, fluss-km: NA)",31.66023622047244,31.62,31.707
5800107,2020,2020 - 2029,05,"Am Wolfsschluchtkanal (Krumme Lanke, id: 5800107, fluss-km: NA)",31.66241935483871,31.61,31.7
5800107,2020,2020 - 2029,06,"Am Wolfsschluchtkanal (Krumme Lanke, id: 5800107, fluss-km: NA)",31.658,31.6095,31.72
5800107,2020,2020 - 2029,07,"Am Wolfsschluchtkanal (Krumme Lanke, id: 5800107, fluss-km: NA)",31.66225806451613,31.6115,31.7285
5800107,2020,2020 - 2029,08,"Am Wolfsschluchtkanal (Krumme Lanke, id: 5800107, fluss-km: NA)",31.665,31.61,31.72
5800107,2020,2020 - 2029,09,"Am Wolfsschluchtkanal (Krumme Lanke, id: 5800107, fluss-km: NA)",31.666416666666667,31.61,31.71
5800107,2020,2020 - 2029,10,"Am Wolfsschluchtkanal (Krumme Lanke, id: 5800107, fluss-km: NA)",31.670322580645163,31.61,31.7185
5800107,2020,2020 - 2029,11,"Am Wolfsschluchtkanal (Krumme Lanke, id: 5800107, fluss-km: NA)",31.664416666666668,31.54,31.71
5800107,2020,2020 - 2029,12,"Am Wolfsschluchtkanal (Krumme Lanke, id: 5800107, fluss-km: NA)",31.670725806451614,31.59,31.72
5800301,2010,2010 - 2019,01,"Dianasee (Dianasee, id: 5800301, fluss-km: NA)",32.67290322580645,32.38250000000001,32.83749999999999
5800301,2010,2010 - 2019,02,"Dianasee (Dianasee, id: 5800301, fluss-km: NA)",32.722189349112426,32.583999999999996,32.81
5800301,2010,2010 - 2019,03,"Dianasee (Dianasee, id: 5800301, fluss-km: NA)",32.770967741935486,32.6425,32.877500000000005
5800301,2010,2010 - 2019,04,"Dianasee (Dianasee, id: 5800301, fluss-km: NA)",32.746722222222225,32.6595,32.85
5800301,2010,2010 - 2019,05,"Dianasee (Dianasee, id: 5800301, fluss-km: NA)",32.6705376344086,32.51,32.8
5800301,2010,2010 - 2019,06,"Dianasee (Dianasee, id: 5800301, fluss-km: NA)",32.68438888888889,32.5395,32.78
5800301,2010,2010 - 2019,07,"Dianasee (Dianasee, id: 5800301, fluss-km: NA)",32.7244623655914,32.49,33.099999999999994
5800301,2010,2010 - 2019,08,"Dianasee (Dianasee, id: 5800301, fluss-km: NA)",32.66912442396313,32.57,32.762
5800301,2010,2010 - 2019,09,"Dianasee (Dianasee, id: 5800301, fluss-km: NA)",32.65152380952381,32.57,32.69
5800301,2010,2010 - 2019,10,"Dianasee (Dianasee, id: 5800301, fluss-km: NA)",32.67032258064516,32.589999999999996,32.762
5800301,2010,2010 - 2019,11,"Dianasee (Dianasee, id: 5800301, fluss-km: NA)",32.66952380952381,32.57,32.76
5800301,2010,2010 - 2019,12,"Dianasee (Dianasee, id: 5800301, fluss-km: NA)",32.696728110599075,32.589999999999996,32.79
5800301,2020,2020 - 2029,01,"Dianasee (Dianasee, id: 5800301, fluss-km: NA)",32.57948387096774,32.29,32.72
5800301,2020,2020 - 2029,02,"Dianasee (Dianasee, id: 5800301, fluss-km: NA)",32.61049295774648,32.29,32.75
5800301,2020,2020 - 2029,03,"Dianasee (Dianasee, id: 5800301, fluss-km: NA)",32.598,32.247,32.72
5800301,2020,2020 - 2029,04,"Dianasee (Dianasee, id: 5800301, fluss-km: NA)",32.68031496062992,32.62,32.72
5800301,2020,2020 - 2029,05,"Dianasee (Dianasee, id: 5800301, fluss-km: NA)",32.686129032258066,32.64,32.7385
5800301,2020,2020 - 2029,06,"Dianasee (Dianasee, id: 5800301, fluss-km: NA)",32.690916666666666,32.61,32.971
5800301,2020,2020 - 2029,07,"Dianasee (Dianasee, id: 5800301, fluss-km: NA)",32.692016129032254,32.65,32.768499999999996
5800301,2020,2020 - 2029,08,"Dianasee (Dianasee, id: 5800301, fluss-km: NA)",32.693387096774195,32.63,32.82
5800301,2020,2020 - 2029,09,"Dianasee (Dianasee, id: 5800301, fluss-km: NA)",32.675,32.61,32.73
5800301,2020,2020 - 2029,10,"Dianasee (Dianasee, id: 5800301, fluss-km: NA)",32.69185483870967,32.6215,32.7585
5800301,2020,2020 - 2029,11,"Dianasee (Dianasee, id: 5800301, fluss-km: NA)",32.6655,32.54,32.79
5800301,2020,2020 - 2029,12,"Dianasee (Dianasee, id: 5800301, fluss-km: NA)",32.611532258064514,32.339999999999996,32.774
5800302,2010,2010 - 2019,01,"Dreipfuhl (Dreipfuhl, id: 5800302, fluss-km: NA)",43.773951612903225,43.71,43.8185
5800302,2010,2010 - 2019,02,"Dreipfuhl (Dreipfuhl, id: 5800302, fluss-km: NA)",43.76477876106195,43.690000000000005,43.852000000000004
5800302,2010,2010 - 2019,03,"Dreipfuhl (Dreipfuhl, id: 5800302, fluss-km: NA)",43.752177419354844,43.6815,43.81
5800302,2010,2010 - 2019,04,"Dreipfuhl (Dreipfuhl, id: 5800302, fluss-km: NA)",43.722136752136755,43.578,43.800000000000004
5800302,2010,2010 - 2019,05,"Dreipfuhl (Dreipfuhl, id: 5800302, fluss-km: NA)",43.65733870967742,43.50150000000001,43.7885
5800302,2010,2010 - 2019,06,"Dreipfuhl (Dreipfuhl, id: 5800302, fluss-km: NA)",43.656333333333336,43.38,43.822
5800302,2010,2010 - 2019,07,"Dreipfuhl (Dreipfuhl, id: 5800302, fluss-km: NA)",43.693145161290325,43.311499999999995,43.8785
5800302,2010,2010 - 2019,08,"Dreipfuhl (Dreipfuhl, id: 5800302, fluss-km: NA)",43.715725806451616,43.50150000000001,43.8885
5800302,2010,2010 - 2019,09,"Dreipfuhl (Dreipfuhl, id: 5800302, fluss-km: NA)",43.60066666666667,43.1635,43.78
5800302,2010,2010 - 2019,10,"Dreipfuhl (Dreipfuhl, id: 5800302, fluss-km: NA)",43.65877419354839,43.317,43.81
5800302,2010,2010 - 2019,11,"Dreipfuhl (Dreipfuhl, id: 5800302, fluss-km: NA)",43.68873333333333,43.31,43.831
5800302,2010,2010 - 2019,12,"Dreipfuhl (Dreipfuhl, id: 5800302, fluss-km: NA)",43.77025806451613,43.72,43.81
5800302,2020,2020 - 2029,01,"Dreipfuhl (Dreipfuhl, id: 5800302, fluss-km: NA)",43.772774193548386,43.74,43.800000000000004
5800302,2020,2020 - 2029,02,"Dreipfuhl (Dreipfuhl, id: 5800302, fluss-km: NA)",43.778661971830985,43.74,43.82
5800302,2020,2020 - 2029,03,"Dreipfuhl (Dreipfuhl, id: 5800302, fluss-km: NA)",43.734645161290324,43.647,43.793
5800302,2020,2020 - 2029,04,"Dreipfuhl (Dreipfuhl, id: 5800302, fluss-km: NA)",43.708346456692915,43.543,43.787
5800302,2020,2020 - 2029,05,"Dreipfuhl (Dreipfuhl, id: 5800302, fluss-km: NA)",43.67790322580645,43.57,43.78
5800302,2020,2020 - 2029,06,"Dreipfuhl (Dreipfuhl, id: 5800302, fluss-km: NA)",43.63483333333333,43.49,43.7805
5800302,2020,2020 - 2029,07,"Dreipfuhl (Dreipfuhl, id: 5800302, fluss-km: NA)",43.70887096774194,43.5715,43.8185
5800302,2020,2020 - 2029,08,"Dreipfuhl (Dreipfuhl, id: 5800302, fluss-km: NA)",43.693064516129034,43.411500000000004,43.81
5800302,2020,2020 - 2029,09,"Dreipfuhl (Dreipfuhl, id: 5800302, fluss-km: NA)",43.7305,43.6395,43.79
5800302,2020,2020 - 2029,10,"Dreipfuhl (Dreipfuhl, id: 5800302, fluss-km: NA)",43.74766129032258,43.67,43.800000000000004
5800302,2020,2020 - 2029,11,"Dreipfuhl (Dreipfuhl, id: 5800302, fluss-km: NA)",43.718583333333335,43.59,43.800000000000004
5800302,2020,2020 - 2029,12,"Dreipfuhl (Dreipfuhl, id: 5800302, fluss-km: NA)",43.71040322580645,43.57,43.81
5800303,2010,2010 - 2019,01,"Flughafensee (Flughafensee, id: 5800303, fluss-km: NA)",30.5225,30.073,31.14
5800303,2010,2010 - 2019,02,"Flughafensee (Flughafensee, id: 5800303, fluss-km: NA)",30.524601769911506,30.21,31.114000000000004
5800303,2010,2010 - 2019,03,"Flughafensee (Flughafensee, id: 5800303, fluss-km: NA)",30.54193548387097,30.28,30.9785
5800303,2010,2010 - 2019,04,"Flughafensee (Flughafensee, id: 5800303, fluss-km: NA)",30.513833333333334,30.310000000000002,30.950000000000003
5800303,2010,2010 - 2019,05,"Flughafensee (Flughafensee, id: 5800303, fluss-km: NA)",30.449032258064516,30.270000000000003,30.82
5800303,2010,2010 - 2019,06,"Flughafensee (Flughafensee, id: 5800303, fluss-km: NA)",30.44591666666667,30.2795,30.701000000000004
5800303,2010,2010 - 2019,07,"Flughafensee (Flughafensee, id: 5800303, fluss-km: NA)",30.561048387096776,30.201500000000003,31.481
5800303,2010,2010 - 2019,08,"Flughafensee (Flughafensee, id: 5800303, fluss-km: NA)",30.55661290322581,30.17,31.3685
5800303,2010,2010 - 2019,09,"Flughafensee (Flughafensee, id: 5800303, fluss-km: NA)",30.343333333333334,30.014500000000005,31.14
5800303,2010,2010 - 2019,10,"Flughafensee (Flughafensee, id: 5800303, fluss-km: NA)",30.340967741935486,29.94,31.05
5800303,2010,2010 - 2019,11,"Flughafensee (Flughafensee, id: 5800303, fluss-km: NA)",30.369400000000002,29.91,31.105500000000003
5800303,2010,2010 - 2019,12,"Flughafensee (Flughafensee, id: 5800303, fluss-km: NA)",30.428129032258067,29.997,31.07
5800303,2020,2020 - 2029,01,"Flughafensee (Flughafensee, id: 5800303, fluss-km: NA)",30.25425806451613,29.950000000000003,30.826
5800303,2020,2020 - 2029,02,"Flughafensee (Flughafensee, id: 5800303, fluss-km: NA)",30.36887323943662,30.040000000000003,30.970000000000002
5800303,2020,2020 - 2029,03,"Flughafensee (Flughafensee, id: 5800303, fluss-km: NA)",30.39393548387097,30.007,30.913
5800303,2020,2020 - 2029,04,"Flughafensee (Flughafensee, id: 5800303, fluss-km: NA)",30.267822580645163,29.96,30.580000000000002
5800303,2020,2020 - 2029,05,"Flughafensee (Flughafensee, id: 5800303, fluss-km: NA)",30.20467741935484,29.87,30.53
5800303,2020,2020 - 2029,06,"Flughafensee (Flughafensee, id: 5800303, fluss-km: NA)",30.134416666666667,29.810000000000002,30.5
5800303,2020,2020 - 2029,07,"Flughafensee (Flughafensee, id: 5800303, fluss-km: NA)",30.22258064516129,29.761500000000005,30.44
5800303,2020,2020 - 2029,08,"Flughafensee (Flughafensee, id: 5800303, fluss-km: NA)",30.144919354838713,29.69,30.457
5800303,2020,2020 - 2029,09,"Flughafensee (Flughafensee, id: 5800303, fluss-km: NA)",30.10666666666667,29.6795,30.310000000000002
5800303,2020,2020 - 2029,10,"Flughafensee (Flughafensee, id: 5800303, fluss-km: NA)",30.086209677419355,29.69,30.334000000000003
5800303,2020,2020 - 2029,11,"Flughafensee (Flughafensee, id: 5800303, fluss-km: NA)",30.09566666666667,29.650000000000002,30.520500000000002
5800303,2020,2020 - 2029,12,"Flughafensee (Flughafensee, id: 5800303, fluss-km: NA)",30.115241935483873,29.6815,30.765500000000003
5800304,2010,2010 - 2019,01,"Grunewaldsee (Fenngraben, id: 5800304, fluss-km: NA)",32.082150537634405,31.99,32.147499999999994
5800304,2010,2010 - 2019,02,"Grunewaldsee (Fenngraben, id: 5800304, fluss-km: NA)",32.087514792899405,32.05,32.129999999999995
5800304,2010,2010 - 2019,03,"Grunewaldsee (Fenngraben, id: 5800304, fluss-km: NA)",32.08005376344086,32.052499999999995,32.1
5800304,2010,2010 - 2019,04,"Grunewaldsee (Fenngraben, id: 5800304, fluss-km: NA)",32.08922222222222,32.0695,32.12
5800304,2010,2010 - 2019,05,"Grunewaldsee (Fenngraben, id: 5800304, fluss-km: NA)",32.08566820276498,32.059999999999995,32.12
5800304,2010,2010 - 2019,06,"Grunewaldsee (Fenngraben, id: 5800304, fluss-km: NA)",32.09457142857143,32.0445,32.15
5800304,2010,2010 - 2019,07,"Grunewaldsee (Fenngraben, id: 5800304, fluss-km: NA)",32.11470046082949,32.07,32.302
5800304,2010,2010 - 2019,08,"Grunewaldsee (Fenngraben, id: 5800304, fluss-km: NA)",32.07972350230415,31.97,32.12
5800304,2010,2010 - 2019,09,"Grunewaldsee (Fenngraben, id: 5800304, fluss-km: NA)",32.073142857142855,32.019999999999996,32.1
5800304,2010,2010 - 2019,10,"Grunewaldsee (Fenngraben, id: 5800304, fluss-km: NA)",32.05612903225806,31.959999999999997,32.129999999999995
5800304,2010,2010 - 2019,11,"Grunewaldsee (Fenngraben, id: 5800304, fluss-km: NA)",32.05438095238095,31.959999999999997,32.15
5800304,2010,2010 - 2019,12,"Grunewaldsee (Fenngraben, id: 5800304, fluss-km: NA)",32.05935483870967,31.99,32.14
5800304,2020,2020 - 2029,01,"Grunewaldsee (Fenngraben, id: 5800304, fluss-km: NA)",32.03251612903226,31.86,32.11
5800304,2020,2020 - 2029,02,"Grunewaldsee (Fenngraben, id: 5800304, fluss-km: NA)",32.02739436619718,31.86,32.129999999999995
5800304,2020,2020 - 2029,03,"Grunewaldsee (Fenngraben, id: 5800304, fluss-km: NA)",32.06677419354838,31.910999999999998,32.163
5800304,2020,2020 - 2029,04,"Grunewaldsee (Fenngraben, id: 5800304, fluss-km: NA)",32.07574803149606,32.03,32.11
5800304,2020,2020 - 2029,05,"Grunewaldsee (Fenngraben, id: 5800304, fluss-km: NA)",32.07758064516129,32.021499999999996,32.11
5800304,2020,2020 - 2029,06,"Grunewaldsee (Fenngraben, id: 5800304, fluss-km: NA)",32.090916666666665,32.049499999999995,32.129999999999995
5800304,2020,2020 - 2029,07,"Grunewaldsee (Fenngraben, id: 5800304, fluss-km: NA)",32.08008064516129,32.05,32.12
5800304,2020,2020 - 2029,08,"Grunewaldsee (Fenngraben, id: 5800304, fluss-km: NA)",32.079112903225806,32.03,32.128499999999995
5800304,2020,2020 - 2029,09,"Grunewaldsee (Fenngraben, id: 5800304, fluss-km: NA)",32.07283333333333,32.03,32.12
5800304,2020,2020 - 2029,10,"Grunewaldsee (Fenngraben, id: 5800304, fluss-km: NA)",32.06548387096774,31.99,32.12
5800304,2020,2020 - 2029,11,"Grunewaldsee (Fenngraben, id: 5800304, fluss-km: NA)",32.047999999999995,31.979499999999998,32.0905
5800304,2020,2020 - 2029,12,"Grunewaldsee (Fenngraben, id: 5800304, fluss-km: NA)",32.045967741935485,31.9315,32.089999999999996
5800305,1960,1960 - 1969,01,"Groß Glienicker See (Groß Glienicker See, id: 5800305, fluss-km: NA)",31.627060931899642,31.479999999999997,31.77
5800305,1960,1960 - 1969,02,"Groß Glienicker See (Groß Glienicker See, id: 5800305, fluss-km: NA)",31.653543307086615,31.49,31.849999999999998
5800305,1960,1960 - 1969,03,"Groß Glienicker See (Groß Glienicker See, id: 5800305, fluss-km: NA)",31.668924731182795,31.45,31.86
5800305,1960,1960 - 1969,04,"Groß Glienicker See (Groß Glienicker See, id: 5800305, fluss-km: NA)",31.665074074074074,31.479999999999997,31.9
5800305,1960,1960 - 1969,05,"Groß Glienicker See (Groß Glienicker See, id: 5800305, fluss-km: NA)",31.640394265232974,31.479999999999997,31.921
5800305,1960,1960 - 1969,06,"Groß Glienicker See (Groß Glienicker See, id: 5800305, fluss-km: NA)",31.583259259259258,31.444499999999998,31.869999999999997
5800305,1960,1960 - 1969,07,"Groß Glienicker See (Groß Glienicker See, id: 5800305, fluss-km: NA)",31.539928315412187,31.349999999999998,31.800999999999995
5800305,1960,1960 - 1969,08,"Groß Glienicker See (Groß Glienicker See, id: 5800305, fluss-km: NA)",31.504086021505376,31.33,31.651
5800305,1960,1960 - 1969,09,"Groß Glienicker See (Groß Glienicker See, id: 5800305, fluss-km: NA)",31.51474074074074,31.33,31.735499999999995
5800305,1960,1960 - 1969,10,"Groß Glienicker See (Groß Glienicker See, id: 5800305, fluss-km: NA)",31.516738351254478,31.32,31.701
5800305,1960,1960 - 1969,11,"Groß Glienicker See (Groß Glienicker See, id: 5800305, fluss-km: NA)",31.554233333333332,31.34,31.729999999999997
5800305,1960,1960 - 1969,12,"Groß Glienicker See (Groß Glienicker See, id: 5800305, fluss-km: NA)",31.616096774193547,31.41,31.77
5800305,1970,1970 - 1979,01,"Groß Glienicker See (Groß Glienicker See, id: 5800305, fluss-km: NA)",31.55496774193548,31.31,31.81
5800305,1970,1970 - 1979,02,"Groß Glienicker See (Groß Glienicker See, id: 5800305, fluss-km: NA)",31.569609929078013,31.33,31.84
5800305,1970,1970 - 1979,03,"Groß Glienicker See (Groß Glienicker See, id: 5800305, fluss-km: NA)",31.589516129032255,31.29,31.9
5800305,1970,1970 - 1979,04,"Groß Glienicker See (Groß Glienicker See, id: 5800305, fluss-km: NA)",31.6011,31.29,32.0805
5800305,1970,1970 - 1979,05,"Groß Glienicker See (Groß Glienicker See, id: 5800305, fluss-km: NA)",31.558258064516128,31.32,31.935499999999998
5800305,1970,1970 - 1979,06,"Groß Glienicker See (Groß Glienicker See, id: 5800305, fluss-km: NA)",31.5294,31.349999999999998,31.850499999999997
5800305,1970,1970 - 1979,07,"Groß Glienicker See (Groß Glienicker See, id: 5800305, fluss-km: NA)",31.494387096774194,31.27,31.9555
5800305,1970,1970 - 1979,08,"Groß Glienicker See (Groß Glienicker See, id: 5800305, fluss-km: NA)",31.44516129032258,31.27,31.7
5800305,1970,1970 - 1979,09,"Groß Glienicker See (Groß Glienicker See, id: 5800305, fluss-km: NA)",31.412633333333332,31.189999999999998,31.65
5800305,1970,1970 - 1979,10,"Groß Glienicker See (Groß Glienicker See, id: 5800305, fluss-km: NA)",31.411806451612904,31.189999999999998,31.66
5800305,1970,1970 - 1979,11,"Groß Glienicker See (Groß Glienicker See, id: 5800305, fluss-km: NA)",31.450566666666667,31.22,31.77
5800305,1970,1970 - 1979,12,"Groß Glienicker See (Groß Glienicker See, id: 5800305, fluss-km: NA)",31.495967741935484,31.31,31.81
5800305,1980,1980 - 1989,01,"Groß Glienicker See (Groß Glienicker See, id: 5800305, fluss-km: NA)",31.517064516129032,31.36,31.689999999999998
5800305,1980,1980 - 1989,02,"Groß Glienicker See (Groß Glienicker See, id: 5800305, fluss-km: NA)",31.537738515901058,31.36,31.75
5800305,1980,1980 - 1989,03,"Groß Glienicker See (Groß Glienicker See, id: 5800305, fluss-km: NA)",31.539096774193546,31.349999999999998,31.77
5800305,1980,1980 - 1989,04,"Groß Glienicker See (Groß Glienicker See, id: 5800305, fluss-km: NA)",31.5,31.349999999999998,31.63
5800305,1980,1980 - 1989,05,"Groß Glienicker See (Groß Glienicker See, id: 5800305, fluss-km: NA)",31.474290322580643,31.36,31.56
5800305,1980,1980 - 1989,06,"Groß Glienicker See (Groß Glienicker See, id: 5800305, fluss-km: NA)",31.47863333333333,31.339499999999997,31.689999999999998
5800305,1980,1980 - 1989,07,"Groß Glienicker See (Groß Glienicker See, id: 5800305, fluss-km: NA)",31.46196774193548,31.284499999999994,31.875499999999995
5800305,1980,1980 - 1989,08,"Groß Glienicker See (Groß Glienicker See, id: 5800305, fluss-km: NA)",31.440161290322578,31.259999999999998,31.9
5800305,1980,1980 - 1989,09,"Groß Glienicker See (Groß Glienicker See, id: 5800305, fluss-km: NA)",31.391199999999998,31.2,31.58
5800305,1980,1980 - 1989,10,"Groß Glienicker See (Groß Glienicker See, id: 5800305, fluss-km: NA)",31.3888064516129,31.189999999999998,31.57
5800305,1980,1980 - 1989,11,"Groß Glienicker See (Groß Glienicker See, id: 5800305, fluss-km: NA)",31.411666666666665,31.279999999999998,31.61
5800305,1980,1980 - 1989,12,"Groß Glienicker See (Groß Glienicker See, id: 5800305, fluss-km: NA)",31.44609677419355,31.299999999999997,31.61
5800305,1990,1990 - 1999,01,"Groß Glienicker See (Groß Glienicker See, id: 5800305, fluss-km: NA)",31.362387096774192,31.229999999999997,31.549999999999997
5800305,1990,1990 - 1999,02,"Groß Glienicker See (Groß Glienicker See, id: 5800305, fluss-km: NA)",31.405070921985814,31.279999999999998,31.58
5800305,1990,1990 - 1999,03,"Groß Glienicker See (Groß Glienicker See, id: 5800305, fluss-km: NA)",31.433387096774194,31.32,31.619999999999997
5800305,1990,1990 - 1999,04,"Groß Glienicker See (Groß Glienicker See, id: 5800305, fluss-km: NA)",31.445833333333333,31.259999999999998,31.630499999999998
5800305,1990,1990 - 1999,05,"Groß Glienicker See (Groß Glienicker See, id: 5800305, fluss-km: NA)",31.428129032258063,31.22,31.6755
5800305,1990,1990 - 1999,06,"Groß Glienicker See (Groß Glienicker See, id: 5800305, fluss-km: NA)",31.404966666666667,31.22,31.689999999999998
5800305,1990,1990 - 1999,07,"Groß Glienicker See (Groß Glienicker See, id: 5800305, fluss-km: NA)",31.361709677419356,31.14,31.64
5800305,1990,1990 - 1999,08,"Groß Glienicker See (Groß Glienicker See, id: 5800305, fluss-km: NA)",31.296193548387095,31.06,31.52
5800305,1990,1990 - 1999,09,"Groß Glienicker See (Groß Glienicker See, id: 5800305, fluss-km: NA)",31.260033333333332,30.97,31.5005
5800305,1990,1990 - 1999,10,"Groß Glienicker See (Groß Glienicker See, id: 5800305, fluss-km: NA)",31.22441935483871,30.919999999999998,31.47
5800305,1990,1990 - 1999,11,"Groß Glienicker See (Groß Glienicker See, id: 5800305, fluss-km: NA)",31.228299999999997,30.89,31.47
5800305,1990,1990 - 1999,12,"Groß Glienicker See (Groß Glienicker See, id: 5800305, fluss-km: NA)",31.26232258064516,30.93,31.52
5800305,2000,2000 - 2009,01,"Groß Glienicker See (Groß Glienicker See, id: 5800305, fluss-km: NA)",30.877935483870967,30.6045,31.15
5800305,2000,2000 - 2009,02,"Groß Glienicker See (Groß Glienicker See, id: 5800305, fluss-km: NA)",30.931201413427562,30.689999999999998,31.2
5800305,2000,2000 - 2009,03,"Groß Glienicker See (Groß Glienicker See, id: 5800305, fluss-km: NA)",30.96941935483871,30.7245,31.22
5800305,2000,2000 - 2009,04,"Groß Glienicker See (Groß Glienicker See, id: 5800305, fluss-km: NA)",30.982233333333333,30.729499999999994,31.190499999999997
5800305,2000,2000 - 2009,05,"Groß Glienicker See (Groß Glienicker See, id: 5800305, fluss-km: NA)",30.9588064516129,30.7245,31.15
5800305,2000,2000 - 2009,06,"Groß Glienicker See (Groß Glienicker See, id: 5800305, fluss-km: NA)",30.923133333333332,30.759999999999998,31.11
5800305,2000,2000 - 2009,07,"Groß Glienicker See (Groß Glienicker See, id: 5800305, fluss-km: NA)",30.87806451612903,30.729999999999997,31.049999999999997
5800305,2000,2000 - 2009,08,"Groß Glienicker See (Groß Glienicker See, id: 5800305, fluss-km: NA)",30.84041935483871,30.65,31.11
5800305,2000,2000 - 2009,09,"Groß Glienicker See (Groß Glienicker See, id: 5800305, fluss-km: NA)",30.80773333333333,30.61,31.029999999999998
5800305,2000,2000 - 2009,10,"Groß Glienicker See (Groß Glienicker See, id: 5800305, fluss-km: NA)",30.790967741935482,30.549999999999997,31.04
5800305,2000,2000 - 2009,11,"Groß Glienicker See (Groß Glienicker See, id: 5800305, fluss-km: NA)",30.7963,30.54,31.099999999999998
5800305,2000,2000 - 2009,12,"Groß Glienicker See (Groß Glienicker See, id: 5800305, fluss-km: NA)",30.81858064516129,30.549999999999997,31.099999999999998
5800305,2010,2010 - 2019,01,"Groß Glienicker See (Groß Glienicker See, id: 5800305, fluss-km: NA)",30.72083870967742,30.18,31.02
5800305,2010,2010 - 2019,02,"Groß Glienicker See (Groß Glienicker See, id: 5800305, fluss-km: NA)",30.76109929078014,30.23,31.04
5800305,2010,2010 - 2019,03,"Groß Glienicker See (Groß Glienicker See, id: 5800305, fluss-km: NA)",30.778258064516127,30.284499999999994,31.07
5800305,2010,2010 - 2019,04,"Groß Glienicker See (Groß Glienicker See, id: 5800305, fluss-km: NA)",30.782566666666664,30.27,31.09
5800305,2010,2010 - 2019,05,"Groß Glienicker See (Groß Glienicker See, id: 5800305, fluss-km: NA)",30.744806451612902,30.22,31.08
5800305,2010,2010 - 2019,06,"Groß Glienicker See (Groß Glienicker See, id: 5800305, fluss-km: NA)",30.723966666666666,30.2195,31.099999999999998
5800305,2010,2010 - 2019,07,"Groß Glienicker See (Groß Glienicker See, id: 5800305, fluss-km: NA)",30.66725806451613,30.14,31.045499999999997
5800305,2010,2010 - 2019,08,"Groß Glienicker See (Groß Glienicker See, id: 5800305, fluss-km: NA)",30.628677419354837,30.08,30.9855
5800305,2010,2010 - 2019,09,"Groß Glienicker See (Groß Glienicker See, id: 5800305, fluss-km: NA)",30.575366666666667,30.009999999999998,30.919999999999998
5800305,2010,2010 - 2019,10,"Groß Glienicker See (Groß Glienicker See, id: 5800305, fluss-km: NA)",30.558129032258062,30.029999999999998,30.93
5800305,2010,2010 - 2019,11,"Groß Glienicker See (Groß Glienicker See, id: 5800305, fluss-km: NA)",30.5639,30.04,30.939999999999998
5800305,2010,2010 - 2019,12,"Groß Glienicker See (Groß Glienicker See, id: 5800305, fluss-km: NA)",30.592258064516127,30.06,30.979999999999997
5800305,2020,2020 - 2029,01,"Groß Glienicker See (Groß Glienicker See, id: 5800305, fluss-km: NA)",29.91748387096774,29.717,30.08
5800305,2020,2020 - 2029,02,"Groß Glienicker See (Groß Glienicker See, id: 5800305, fluss-km: NA)",29.979577464788733,29.77,30.14
5800305,2020,2020 - 2029,03,"Groß Glienicker See (Groß Glienicker See, id: 5800305, fluss-km: NA)",30.016193548387097,29.81,30.189999999999998
5800305,2020,2020 - 2029,04,"Groß Glienicker See (Groß Glienicker See, id: 5800305, fluss-km: NA)",30.01307086614173,29.88,30.16
5800305,2020,2020 - 2029,05,"Groß Glienicker See (Groß Glienicker See, id: 5800305, fluss-km: NA)",29.981935483870966,29.84,30.11
5800305,2020,2020 - 2029,06,"Groß Glienicker See (Groß Glienicker See, id: 5800305, fluss-km: NA)",29.924,29.75,30.09
5800305,2020,2020 - 2029,07,"Groß Glienicker See (Groß Glienicker See, id: 5800305, fluss-km: NA)",29.892258064516128,29.73,30.029999999999998
5800305,2020,2020 - 2029,08,"Groß Glienicker See (Groß Glienicker See, id: 5800305, fluss-km: NA)",29.827983870967742,29.7,29.97
5800305,2020,2020 - 2029,09,"Groß Glienicker See (Groß Glienicker See, id: 5800305, fluss-km: NA)",29.774416666666667,29.65,29.95
5800305,2020,2020 - 2029,10,"Groß Glienicker See (Groß Glienicker See, id: 5800305, fluss-km: NA)",29.746532258064516,29.63,29.89
5800305,2020,2020 - 2029,11,"Groß Glienicker See (Groß Glienicker See, id: 5800305, fluss-km: NA)",29.774166666666666,29.64,29.93
5800305,2020,2020 - 2029,12,"Groß Glienicker See (Groß Glienicker See, id: 5800305, fluss-km: NA)",29.807338709677417,29.6415,29.958499999999997
5800306,2010,2010 - 2019,01,"Halensee (Halensee, id: 5800306, fluss-km: NA)",32.704193548387096,32.46,32.82
5800306,2010,2010 - 2019,02,"Halensee (Halensee, id: 5800306, fluss-km: NA)",32.732389380530975,32.592499999999994,32.82
5800306,2010,2010 - 2019,03,"Halensee (Halensee, id: 5800306, fluss-km: NA)",32.75306451612903,32.65,32.87
5800306,2010,2010 - 2019,04,"Halensee (Halensee, id: 5800306, fluss-km: NA)",32.719791666666666,32.62,32.81
5800306,2010,2010 - 2019,05,"Halensee (Halensee, id: 5800306, fluss-km: NA)",32.66407258064516,32.53,32.8
5800306,2010,2010 - 2019,06,"Halensee (Halensee, id: 5800306, fluss-km: NA)",32.68120833333333,32.56,32.82
5800306,2010,2010 - 2019,07,"Halensee (Halensee, id: 5800306, fluss-km: NA)",32.70306451612903,32.5,33.083
5800306,2010,2010 - 2019,08,"Halensee (Halensee, id: 5800306, fluss-km: NA)",32.666451612903224,32.55,32.826499999999996
5800306,2010,2010 - 2019,09,"Halensee (Halensee, id: 5800306, fluss-km: NA)",32.622416666666666,32.46,32.71
5800306,2010,2010 - 2019,10,"Halensee (Halensee, id: 5800306, fluss-km: NA)",32.676411290322584,32.573499999999996,32.7765
5800306,2010,2010 - 2019,11,"Halensee (Halensee, id: 5800306, fluss-km: NA)",32.68233333333333,32.56,32.78
5800306,2010,2010 - 2019,12,"Halensee (Halensee, id: 5800306, fluss-km: NA)",32.70774193548387,32.58,32.79
5800306,2020,2020 - 2029,01,"Halensee (Halensee, id: 5800306, fluss-km: NA)",32.59290322580645,32.339999999999996,32.73
5800306,2020,2020 - 2029,02,"Halensee (Halensee, id: 5800306, fluss-km: NA)",32.62133802816901,32.35,32.76
5800306,2020,2020 - 2029,03,"Halensee (Halensee, id: 5800306, fluss-km: NA)",32.60432258064516,32.317,32.723
5800306,2020,2020 - 2029,04,"Halensee (Halensee, id: 5800306, fluss-km: NA)",32.67669291338583,32.62,32.73
5800306,2020,2020 - 2029,05,"Halensee (Halensee, id: 5800306, fluss-km: NA)",32.67927419354839,32.6215,32.7385
5800306,2020,2020 - 2029,06,"Halensee (Halensee, id: 5800306, fluss-km: NA)",32.67825,32.6,32.943
5800306,2020,2020 - 2029,07,"Halensee (Halensee, id: 5800306, fluss-km: NA)",32.68741935483871,32.63,32.787
5800306,2020,2020 - 2029,08,"Halensee (Halensee, id: 5800306, fluss-km: NA)",32.69387096774194,32.64,32.8285
5800306,2020,2020 - 2029,09,"Halensee (Halensee, id: 5800306, fluss-km: NA)",32.67766666666667,32.63,32.76
5800306,2020,2020 - 2029,10,"Halensee (Halensee, id: 5800306, fluss-km: NA)",32.69274193548387,32.64,32.7485
5800306,2020,2020 - 2029,11,"Halensee (Halensee, id: 5800306, fluss-km: NA)",32.66641666666666,32.549499999999995,32.81
5800306,2020,2020 - 2029,12,"Halensee (Halensee, id: 5800306, fluss-km: NA)",32.62112903225806,32.37,32.787
5800308,2000,2000 - 2009,01,"Hundekehlesee (Hundekehlesee, id: 5800308, fluss-km: NA)",32.212718894009214,31.799999999999997,32.46
5800308,2000,2000 - 2009,02,"Hundekehlesee (Hundekehlesee, id: 5800308, fluss-km: NA)",32.23262626262626,32.0085,32.41
5800308,2000,2000 - 2009,03,"Hundekehlesee (Hundekehlesee, id: 5800308, fluss-km: NA)",32.1758064516129,32.01,32.35
5800308,2000,2000 - 2009,04,"Hundekehlesee (Hundekehlesee, id: 5800308, fluss-km: NA)",32.14819047619047,31.97,32.41
5800308,2000,2000 - 2009,05,"Hundekehlesee (Hundekehlesee, id: 5800308, fluss-km: NA)",32.1315668202765,31.88,32.53
5800308,2000,2000 - 2009,06,"Hundekehlesee (Hundekehlesee, id: 5800308, fluss-km: NA)",32.125238095238096,31.83,32.54
5800308,2000,2000 - 2009,07,"Hundekehlesee (Hundekehlesee, id: 5800308, fluss-km: NA)",32.22571428571428,31.918,32.614
5800308,2000,2000 - 2009,08,"Hundekehlesee (Hundekehlesee, id: 5800308, fluss-km: NA)",32.181382488479265,31.88,32.48
5800308,2000,2000 - 2009,09,"Hundekehlesee (Hundekehlesee, id: 5800308, fluss-km: NA)",32.20157142857143,31.799999999999997,32.44
5800308,2000,2000 - 2009,10,"Hundekehlesee (Hundekehlesee, id: 5800308, fluss-km: NA)",32.15216589861751,31.74,32.39
5800308,2000,2000 - 2009,11,"Hundekehlesee (Hundekehlesee, id: 5800308, fluss-km: NA)",32.17,31.73,32.41
5800308,2000,2000 - 2009,12,"Hundekehlesee (Hundekehlesee, id: 5800308, fluss-km: NA)",32.210120967741936,31.77,32.48
5800308,2010,2010 - 2019,01,"Hundekehlesee (Hundekehlesee, id: 5800308, fluss-km: NA)",32.33745161290322,32.0345,32.61
5800308,2010,2010 - 2019,02,"Hundekehlesee (Hundekehlesee, id: 5800308, fluss-km: NA)",32.33436170212766,32.06,32.6
5800308,2010,2010 - 2019,03,"Hundekehlesee (Hundekehlesee, id: 5800308, fluss-km: NA)",32.322967741935486,32.06,32.589999999999996
5800308,2010,2010 - 2019,04,"Hundekehlesee (Hundekehlesee, id: 5800308, fluss-km: NA)",32.31433333333333,32.05,32.6
5800308,2010,2010 - 2019,05,"Hundekehlesee (Hundekehlesee, id: 5800308, fluss-km: NA)",32.29316129032258,31.99,32.62
5800308,2010,2010 - 2019,06,"Hundekehlesee (Hundekehlesee, id: 5800308, fluss-km: NA)",32.30806666666667,31.88,32.6
5800308,2010,2010 - 2019,07,"Hundekehlesee (Hundekehlesee, id: 5800308, fluss-km: NA)",32.30548387096774,31.804499999999997,32.7255
5800308,2010,2010 - 2019,08,"Hundekehlesee (Hundekehlesee, id: 5800308, fluss-km: NA)",32.30883870967742,31.5645,32.589999999999996
5800308,2010,2010 - 2019,09,"Hundekehlesee (Hundekehlesee, id: 5800308, fluss-km: NA)",32.277833333333334,31.3795,32.570499999999996
5800308,2010,2010 - 2019,10,"Hundekehlesee (Hundekehlesee, id: 5800308, fluss-km: NA)",32.26816129032258,31.4045,32.56
5800308,2010,2010 - 2019,11,"Hundekehlesee (Hundekehlesee, id: 5800308, fluss-km: NA)",32.23813333333333,31.439999999999998,32.5405
5800308,2010,2010 - 2019,12,"Hundekehlesee (Hundekehlesee, id: 5800308, fluss-km: NA)",32.23822580645161,31.48,32.58
5800308,2020,2020 - 2029,01,"Hundekehlesee (Hundekehlesee, id: 5800308, fluss-km: NA)",31.517290322580646,30.759999999999998,31.869999999999997
5800308,2020,2020 - 2029,02,"Hundekehlesee (Hundekehlesee, id: 5800308, fluss-km: NA)",31.521619718309857,30.799999999999997,31.86
5800308,2020,2020 - 2029,03,"Hundekehlesee (Hundekehlesee, id: 5800308, fluss-km: NA)",31.50283870967742,30.779999999999998,31.88
5800308,2020,2020 - 2029,04,"Hundekehlesee (Hundekehlesee, id: 5800308, fluss-km: NA)",31.60503937007874,31.25,31.849999999999998
5800308,2020,2020 - 2029,05,"Hundekehlesee (Hundekehlesee, id: 5800308, fluss-km: NA)",31.50282258064516,31.13,31.848499999999998
5800308,2020,2020 - 2029,06,"Hundekehlesee (Hundekehlesee, id: 5800308, fluss-km: NA)",31.480833333333333,31.0195,31.8605
5800308,2020,2020 - 2029,07,"Hundekehlesee (Hundekehlesee, id: 5800308, fluss-km: NA)",31.557419354838707,30.93,31.82
5800308,2020,2020 - 2029,08,"Hundekehlesee (Hundekehlesee, id: 5800308, fluss-km: NA)",31.474435483870966,30.86,31.8385
5800308,2020,2020 - 2029,09,"Hundekehlesee (Hundekehlesee, id: 5800308, fluss-km: NA)",31.558083333333332,30.84,31.851
5800308,2020,2020 - 2029,10,"Hundekehlesee (Hundekehlesee, id: 5800308, fluss-km: NA)",31.521290322580644,30.8315,31.84
5800308,2020,2020 - 2029,11,"Hundekehlesee (Hundekehlesee, id: 5800308, fluss-km: NA)",31.465,30.77,31.84
5800308,2020,2020 - 2029,12,"Hundekehlesee (Hundekehlesee, id: 5800308, fluss-km: NA)",31.50483870967742,30.7315,31.8985
5800309,1970,1970 - 1979,01,"Lietzensee (Lietzensee, id: 5800309, fluss-km: NA)",30.948294930875576,30.9,31.02
5800309,1970,1970 - 1979,02,"Lietzensee (Lietzensee, id: 5800309, fluss-km: NA)",30.935431472081216,30.86,31.183999999999997
5800309,1970,1970 - 1979,03,"Lietzensee (Lietzensee, id: 5800309, fluss-km: NA)",30.926405529953914,30.799999999999997,31.259999999999998
5800309,1970,1970 - 1979,04,"Lietzensee (Lietzensee, id: 5800309, fluss-km: NA)",30.906333333333333,30.729999999999997,31.229999999999997
5800309,1970,1970 - 1979,05,"Lietzensee (Lietzensee, id: 5800309, fluss-km: NA)",30.91557603686636,30.66,31.169999999999998
5800309,1970,1970 - 1979,06,"Lietzensee (Lietzensee, id: 5800309, fluss-km: NA)",30.949190476190473,30.79,31.11
5800309,1970,1970 - 1979,07,"Lietzensee (Lietzensee, id: 5800309, fluss-km: NA)",30.93253456221198,30.799999999999997,31.112
5800309,1970,1970 - 1979,08,"Lietzensee (Lietzensee, id: 5800309, fluss-km: NA)",30.931290322580644,30.819999999999997,31.071999999999996
5800309,1970,1970 - 1979,09,"Lietzensee (Lietzensee, id: 5800309, fluss-km: NA)",30.966761904761903,30.81,31.13
5800309,1970,1970 - 1979,10,"Lietzensee (Lietzensee, id: 5800309, fluss-km: NA)",30.95963133640553,30.838,31.08
5800309,1970,1970 - 1979,11,"Lietzensee (Lietzensee, id: 5800309, fluss-km: NA)",30.967791666666663,30.81,31.099999999999998
5800309,1970,1970 - 1979,12,"Lietzensee (Lietzensee, id: 5800309, fluss-km: NA)",30.97532258064516,30.86,31.09
5800309,1980,1980 - 1989,01,"Lietzensee (Lietzensee, id: 5800309, fluss-km: NA)",31.12164516129032,31.009999999999998,31.299999999999997
5800309,1980,1980 - 1989,02,"Lietzensee (Lietzensee, id: 5800309, fluss-km: NA)",31.14727915194346,31.051,31.319999999999997
5800309,1980,1980 - 1989,03,"Lietzensee (Lietzensee, id: 5800309, fluss-km: NA)",31.16054838709677,31.049999999999997,31.3955
5800309,1980,1980 - 1989,04,"Lietzensee (Lietzensee, id: 5800309, fluss-km: NA)",31.177333333333333,31.06,31.350499999999997
5800309,1980,1980 - 1989,05,"Lietzensee (Lietzensee, id: 5800309, fluss-km: NA)",31.168290322580642,31.069999999999997,31.299999999999997
5800309,1980,1980 - 1989,06,"Lietzensee (Lietzensee, id: 5800309, fluss-km: NA)",31.1433,31.04,31.29
5800309,1980,1980 - 1989,07,"Lietzensee (Lietzensee, id: 5800309, fluss-km: NA)",31.11158064516129,30.97,31.31
5800309,1980,1980 - 1989,08,"Lietzensee (Lietzensee, id: 5800309, fluss-km: NA)",31.113129032258062,30.979999999999997,31.3355
5800309,1980,1980 - 1989,09,"Lietzensee (Lietzensee, id: 5800309, fluss-km: NA)",31.107666666666667,30.9595,31.33
5800309,1980,1980 - 1989,10,"Lietzensee (Lietzensee, id: 5800309, fluss-km: NA)",31.07232258064516,30.979999999999997,31.259999999999998
5800309,1980,1980 - 1989,11,"Lietzensee (Lietzensee, id: 5800309, fluss-km: NA)",31.065266666666666,30.97,31.259999999999998
5800309,1980,1980 - 1989,12,"Lietzensee (Lietzensee, id: 5800309, fluss-km: NA)",31.09812903225806,30.979999999999997,31.27
5800309,1990,1990 - 1999,01,"Lietzensee (Lietzensee, id: 5800309, fluss-km: NA)",31.00416129032258,30.77,31.259999999999998
5800309,1990,1990 - 1999,02,"Lietzensee (Lietzensee, id: 5800309, fluss-km: NA)",31.043014184397162,30.84,31.29
5800309,1990,1990 - 1999,03,"Lietzensee (Lietzensee, id: 5800309, fluss-km: NA)",31.074258064516126,30.889999999999997,31.279999999999998
5800309,1990,1990 - 1999,04,"Lietzensee (Lietzensee, id: 5800309, fluss-km: NA)",31.081533333333333,30.88,31.27
5800309,1990,1990 - 1999,05,"Lietzensee (Lietzensee, id: 5800309, fluss-km: NA)",31.07196774193548,30.84,31.24
5800309,1990,1990 - 1999,06,"Lietzensee (Lietzensee, id: 5800309, fluss-km: NA)",31.039233333333332,30.9,31.27
5800309,1990,1990 - 1999,07,"Lietzensee (Lietzensee, id: 5800309, fluss-km: NA)",30.98606451612903,30.86,31.200999999999997
5800309,1990,1990 - 1999,08,"Lietzensee (Lietzensee, id: 5800309, fluss-km: NA)",30.92832258064516,30.759999999999998,31.099999999999998
5800309,1990,1990 - 1999,09,"Lietzensee (Lietzensee, id: 5800309, fluss-km: NA)",30.904666666666664,30.729999999999997,31.099999999999998
5800309,1990,1990 - 1999,10,"Lietzensee (Lietzensee, id: 5800309, fluss-km: NA)",30.893677419354837,30.68,31.08
5800309,1990,1990 - 1999,11,"Lietzensee (Lietzensee, id: 5800309, fluss-km: NA)",30.907166666666665,30.689999999999998,31.06
5800309,1990,1990 - 1999,12,"Lietzensee (Lietzensee, id: 5800309, fluss-km: NA)",30.931451612903224,30.729999999999997,31.099999999999998
5800309,2000,2000 - 2009,01,"Lietzensee (Lietzensee, id: 5800309, fluss-km: NA)",31.029354838709676,30.79,31.33
5800309,2000,2000 - 2009,02,"Lietzensee (Lietzensee, id: 5800309, fluss-km: NA)",31.093003533568904,30.881,31.409
5800309,2000,2000 - 2009,03,"Lietzensee (Lietzensee, id: 5800309, fluss-km: NA)",31.143032258064515,30.959999999999997,31.435499999999998
5800309,2000,2000 - 2009,04,"Lietzensee (Lietzensee, id: 5800309, fluss-km: NA)",31.144966666666665,30.97,31.49
5800309,2000,2000 - 2009,05,"Lietzensee (Lietzensee, id: 5800309, fluss-km: NA)",31.112451612903225,30.959999999999997,31.4155
5800309,2000,2000 - 2009,06,"Lietzensee (Lietzensee, id: 5800309, fluss-km: NA)",31.078266666666664,30.959999999999997,31.279999999999998
5800309,2000,2000 - 2009,07,"Lietzensee (Lietzensee, id: 5800309, fluss-km: NA)",31.036548387096772,30.93,31.29
5800309,2000,2000 - 2009,08,"Lietzensee (Lietzensee, id: 5800309, fluss-km: NA)",30.991806451612902,30.86,31.27
5800309,2000,2000 - 2009,09,"Lietzensee (Lietzensee, id: 5800309, fluss-km: NA)",30.959366666666664,30.799999999999997,31.27
5800309,2000,2000 - 2009,10,"Lietzensee (Lietzensee, id: 5800309, fluss-km: NA)",30.958419354838707,30.77,31.279999999999998
5800309,2000,2000 - 2009,11,"Lietzensee (Lietzensee, id: 5800309, fluss-km: NA)",30.981266666666667,30.77,31.31
5800309,2000,2000 - 2009,12,"Lietzensee (Lietzensee, id: 5800309, fluss-km: NA)",31.013774193548386,30.779999999999998,31.325499999999998
5800309,2010,2010 - 2019,01,"Lietzensee (Lietzensee, id: 5800309, fluss-km: NA)",31.159774193548387,30.869999999999997,31.34
5800309,2010,2010 - 2019,02,"Lietzensee (Lietzensee, id: 5800309, fluss-km: NA)",31.18978723404255,30.9,31.369999999999997
5800309,2010,2010 - 2019,03,"Lietzensee (Lietzensee, id: 5800309, fluss-km: NA)",31.20722580645161,30.9745,31.38
5800309,2010,2010 - 2019,04,"Lietzensee (Lietzensee, id: 5800309, fluss-km: NA)",31.1981,30.979999999999997,31.369999999999997
5800309,2010,2010 - 2019,05,"Lietzensee (Lietzensee, id: 5800309, fluss-km: NA)",31.15648387096774,30.93,31.34
5800309,2010,2010 - 2019,06,"Lietzensee (Lietzensee, id: 5800309, fluss-km: NA)",31.107766666666667,30.889999999999997,31.369999999999997
5800309,2010,2010 - 2019,07,"Lietzensee (Lietzensee, id: 5800309, fluss-km: NA)",31.056709677419352,30.779999999999998,31.25
5800309,2010,2010 - 2019,08,"Lietzensee (Lietzensee, id: 5800309, fluss-km: NA)",31.017774193548387,30.7,31.25
5800309,2010,2010 - 2019,09,"Lietzensee (Lietzensee, id: 5800309, fluss-km: NA)",30.9801,30.63,31.259999999999998
5800309,2010,2010 - 2019,10,"Lietzensee (Lietzensee, id: 5800309, fluss-km: NA)",30.984032258064516,30.68,31.259999999999998
5800309,2010,2010 - 2019,11,"Lietzensee (Lietzensee, id: 5800309, fluss-km: NA)",31.0107,30.7,31.24
5800309,2010,2010 - 2019,12,"Lietzensee (Lietzensee, id: 5800309, fluss-km: NA)",31.057193548387094,30.729999999999997,31.279999999999998
5800309,2020,2020 - 2029,01,"Lietzensee (Lietzensee, id: 5800309, fluss-km: NA)",30.79425806451613,30.636999999999997,31.022999999999996
5800309,2020,2020 - 2029,02,"Lietzensee (Lietzensee, id: 5800309, fluss-km: NA)",30.869225352112675,30.72,31.139999999999997
5800309,2020,2020 - 2029,03,"Lietzensee (Lietzensee, id: 5800309, fluss-km: NA)",30.91322580645161,30.74,31.153
5800309,2020,2020 - 2029,04,"Lietzensee (Lietzensee, id: 5800309, fluss-km: NA)",30.879370078740155,30.77,31.097999999999995
5800309,2020,2020 - 2029,05,"Lietzensee (Lietzensee, id: 5800309, fluss-km: NA)",30.828145161290323,30.77,30.889999999999997
5800309,2020,2020 - 2029,06,"Lietzensee (Lietzensee, id: 5800309, fluss-km: NA)",30.747833333333332,30.6695,30.81
5800309,2020,2020 - 2029,07,"Lietzensee (Lietzensee, id: 5800309, fluss-km: NA)",30.69516129032258,30.619999999999997,30.79
5800309,2020,2020 - 2029,08,"Lietzensee (Lietzensee, id: 5800309, fluss-km: NA)",30.639919354838707,30.529999999999998,30.759999999999998
5800309,2020,2020 - 2029,09,"Lietzensee (Lietzensee, id: 5800309, fluss-km: NA)",30.610416666666666,30.5,30.72
5800309,2020,2020 - 2029,10,"Lietzensee (Lietzensee, id: 5800309, fluss-km: NA)",30.618870967741934,30.509999999999998,30.728499999999997
5800309,2020,2020 - 2029,11,"Lietzensee (Lietzensee, id: 5800309, fluss-km: NA)",30.66575,30.529999999999998,30.799999999999997
5800309,2020,2020 - 2029,12,"Lietzensee (Lietzensee, id: 5800309, fluss-km: NA)",30.714274193548384,30.551499999999997,30.936999999999998
5800310,2010,2010 - 2019,01,"Waldsee Zehlendorf (Waldsee Zehlendorf, id: 5800310, fluss-km: NA)",35.563709677419354,35.379999999999995,35.699999999999996
5800310,2010,2010 - 2019,02,"Waldsee Zehlendorf (Waldsee Zehlendorf, id: 5800310, fluss-km: NA)",35.53933628318584,35.372499999999995,35.66
5800310,2010,2010 - 2019,03,"Waldsee Zehlendorf (Waldsee Zehlendorf, id: 5800310, fluss-km: NA)",35.490564516129034,35.33,35.5965
5800310,2010,2010 - 2019,04,"Waldsee Zehlendorf (Waldsee Zehlendorf, id: 5800310, fluss-km: NA)",35.48508333333333,35.41,35.559999999999995
5800310,2010,2010 - 2019,05,"Waldsee Zehlendorf (Waldsee Zehlendorf, id: 5800310, fluss-km: NA)",35.47899193548387,35.4,35.576499999999996
5800310,2010,2010 - 2019,06,"Waldsee Zehlendorf (Waldsee Zehlendorf, id: 5800310, fluss-km: NA)",35.51283333333333,35.41,35.70049999999999
5800310,2010,2010 - 2019,07,"Waldsee Zehlendorf (Waldsee Zehlendorf, id: 5800310, fluss-km: NA)",35.592298387096776,35.403499999999994,36.01649999999999
5800310,2010,2010 - 2019,08,"Waldsee Zehlendorf (Waldsee Zehlendorf, id: 5800310, fluss-km: NA)",35.545887096774194,35.42,35.785
5800310,2010,2010 - 2019,09,"Waldsee Zehlendorf (Waldsee Zehlendorf, id: 5800310, fluss-km: NA)",35.470416666666665,35.36,35.57
5800310,2010,2010 - 2019,10,"Waldsee Zehlendorf (Waldsee Zehlendorf, id: 5800310, fluss-km: NA)",35.509274193548386,35.3835,35.65
5800310,2010,2010 - 2019,11,"Waldsee Zehlendorf (Waldsee Zehlendorf, id: 5800310, fluss-km: NA)",35.51266666666667,35.43,35.6305
5800310,2010,2010 - 2019,12,"Waldsee Zehlendorf (Waldsee Zehlendorf, id: 5800310, fluss-km: NA)",35.539032258064516,35.42,35.69
5800310,2020,2020 - 2029,01,"Waldsee Zehlendorf (Waldsee Zehlendorf, id: 5800310, fluss-km: NA)",35.632451612903225,35.489999999999995,35.753
5800310,2020,2020 - 2029,02,"Waldsee Zehlendorf (Waldsee Zehlendorf, id: 5800310, fluss-km: NA)",35.621830985915494,35.489999999999995,35.7895
5800310,2020,2020 - 2029,03,"Waldsee Zehlendorf (Waldsee Zehlendorf, id: 5800310, fluss-km: NA)",35.61135483870967,35.489999999999995,35.739999999999995
5800310,2020,2020 - 2029,04,"Waldsee Zehlendorf (Waldsee Zehlendorf, id: 5800310, fluss-km: NA)",35.574803149606296,35.47,35.69
5800310,2020,2020 - 2029,05,"Waldsee Zehlendorf (Waldsee Zehlendorf, id: 5800310, fluss-km: NA)",35.58758064516129,35.491499999999995,35.67
5800310,2020,2020 - 2029,06,"Waldsee Zehlendorf (Waldsee Zehlendorf, id: 5800310, fluss-km: NA)",35.599333333333334,35.48,35.82
5800310,2020,2020 - 2029,07,"Waldsee Zehlendorf (Waldsee Zehlendorf, id: 5800310, fluss-km: NA)",35.637258064516125,35.519999999999996,35.7785
5800310,2020,2020 - 2029,08,"Waldsee Zehlendorf (Waldsee Zehlendorf, id: 5800310, fluss-km: NA)",35.60491935483871,35.5,35.7485
5800310,2020,2020 - 2029,09,"Waldsee Zehlendorf (Waldsee Zehlendorf, id: 5800310, fluss-km: NA)",35.59441666666667,35.5,35.66
5800310,2020,2020 - 2029,10,"Waldsee Zehlendorf (Waldsee Zehlendorf, id: 5800310, fluss-km: NA)",35.61524193548387,35.521499999999996,35.698499999999996
5800310,2020,2020 - 2029,11,"Waldsee Zehlendorf (Waldsee Zehlendorf, id: 5800310, fluss-km: NA)",35.64236363636363,35.519999999999996,35.74549999999999
5800310,2020,2020 - 2029,12,"Waldsee Zehlendorf (Waldsee Zehlendorf, id: 5800310, fluss-km: NA)",35.66032258064516,35.521499999999996,35.921
5800312,2010,2010 - 2019,01,"Plötzensee (Plötzensee, id: 5800312, fluss-km: NA)",31.187548387096772,31.13,31.31
5800312,2010,2010 - 2019,02,"Plötzensee (Plötzensee, id: 5800312, fluss-km: NA)",31.201843971631202,31.13,31.319999999999997
5800312,2010,2010 - 2019,03,"Plötzensee (Plötzensee, id: 5800312, fluss-km: NA)",31.205354838709678,31.15,31.33
5800312,2010,2010 - 2019,04,"Plötzensee (Plötzensee, id: 5800312, fluss-km: NA)",31.188133333333333,31.119999999999997,31.33
5800312,2010,2010 - 2019,05,"Plötzensee (Plötzensee, id: 5800312, fluss-km: NA)",31.14212903225806,31.09,31.27
5800312,2010,2010 - 2019,06,"Plötzensee (Plötzensee, id: 5800312, fluss-km: NA)",31.098266666666664,31.049999999999997,31.189999999999998
5800312,2010,2010 - 2019,07,"Plötzensee (Plötzensee, id: 5800312, fluss-km: NA)",31.088516129032257,30.99,31.232999999999997
5800312,2010,2010 - 2019,08,"Plötzensee (Plötzensee, id: 5800312, fluss-km: NA)",31.061935483870965,30.979999999999997,31.24
5800312,2010,2010 - 2019,09,"Plötzensee (Plötzensee, id: 5800312, fluss-km: NA)",31.027466666666665,30.959999999999997,31.209999999999997
5800312,2010,2010 - 2019,10,"Plötzensee (Plötzensee, id: 5800312, fluss-km: NA)",31.060580645161288,30.979999999999997,31.229999999999997
5800312,2010,2010 - 2019,11,"Plötzensee (Plötzensee, id: 5800312, fluss-km: NA)",31.100388888888887,31.04,31.259999999999998
5800312,2010,2010 - 2019,12,"Plötzensee (Plötzensee, id: 5800312, fluss-km: NA)",31.139516129032256,31.08,31.29
5800312,2020,2020 - 2029,01,"Plötzensee (Plötzensee, id: 5800312, fluss-km: NA)",31.144129032258064,31.09,31.24
5800312,2020,2020 - 2029,02,"Plötzensee (Plötzensee, id: 5800312, fluss-km: NA)",31.175915492957746,31.13,31.29
5800312,2020,2020 - 2029,03,"Plötzensee (Plötzensee, id: 5800312, fluss-km: NA)",31.18374193548387,31.13,31.319999999999997
5800312,2020,2020 - 2029,04,"Plötzensee (Plötzensee, id: 5800312, fluss-km: NA)",31.15307086614173,31.119999999999997,31.281999999999996
5800312,2020,2020 - 2029,05,"Plötzensee (Plötzensee, id: 5800312, fluss-km: NA)",31.120080645161288,31.099999999999998,31.15
5800312,2020,2020 - 2029,06,"Plötzensee (Plötzensee, id: 5800312, fluss-km: NA)",31.073999999999998,31.04,31.11
5800312,2020,2020 - 2029,07,"Plötzensee (Plötzensee, id: 5800312, fluss-km: NA)",31.04741935483871,30.979999999999997,31.09
5800312,2020,2020 - 2029,08,"Plötzensee (Plötzensee, id: 5800312, fluss-km: NA)",31.009758064516127,30.93,31.08
5800312,2020,2020 - 2029,09,"Plötzensee (Plötzensee, id: 5800312, fluss-km: NA)",31.00108333333333,30.93,31.049999999999997
5800312,2020,2020 - 2029,10,"Plötzensee (Plötzensee, id: 5800312, fluss-km: NA)",31.021854838709675,30.959999999999997,31.068499999999997
5800312,2020,2020 - 2029,11,"Plötzensee (Plötzensee, id: 5800312, fluss-km: NA)",31.063916666666664,31,31.139999999999997
5800312,2020,2020 - 2029,12,"Plötzensee (Plötzensee, id: 5800312, fluss-km: NA)",31.101290322580642,31.04,31.2185
5800313,2010,2010 - 2019,01,"Fennsee (Fennsee, id: 5800313, fluss-km: NA)",33.461774193548386,33.0415,33.730000000000004
5800313,2010,2010 - 2019,02,"Fennsee (Fennsee, id: 5800313, fluss-km: NA)",33.030517241379314,32.940000000000005,33.103
5800313,2010,2010 - 2019,03,"Fennsee (Fennsee, id: 5800313, fluss-km: NA)",33.05602150537635,32.970000000000006,33.242000000000004
5800313,2010,2010 - 2019,04,"Fennsee (Fennsee, id: 5800313, fluss-km: NA)",32.935,32.514500000000005,33.2055
5800313,2010,2010 - 2019,05,"Fennsee (Fennsee, id: 5800313, fluss-km: NA)",32.80215053763441,32.38,33.160000000000004
5800313,2010,2010 - 2019,06,"Fennsee (Fennsee, id: 5800313, fluss-km: NA)",32.90233333333334,32.38,33.11
5800313,2010,2010 - 2019,07,"Fennsee (Fennsee, id: 5800313, fluss-km: NA)",32.940322580645166,32.75,33.132000000000005
5800313,2010,2010 - 2019,08,"Fennsee (Fennsee, id: 5800313, fluss-km: NA)",32.94935483870968,32.84,33.04
5800313,2010,2010 - 2019,09,"Fennsee (Fennsee, id: 5800313, fluss-km: NA)",32.927,32.84,33.051
5800313,2010,2010 - 2019,10,"Fennsee (Fennsee, id: 5800313, fluss-km: NA)",33.03741935483871,32.92,33.272000000000006
5800313,2010,2010 - 2019,11,"Fennsee (Fennsee, id: 5800313, fluss-km: NA)",33.07977777777778,32.940000000000005,33.3855
5800313,2010,2010 - 2019,12,"Fennsee (Fennsee, id: 5800313, fluss-km: NA)",33.28333333333334,32.96600000000001,33.75
5800313,2020,2020 - 2029,01,"Fennsee (Fennsee, id: 5800313, fluss-km: NA)",33.05167741935484,32.937,33.21
5800313,2020,2020 - 2029,02,"Fennsee (Fennsee, id: 5800313, fluss-km: NA)",33.06239436619718,32.9305,33.2295
5800313,2020,2020 - 2029,03,"Fennsee (Fennsee, id: 5800313, fluss-km: NA)",33.07174193548387,32.940000000000005,33.363
5800313,2020,2020 - 2029,04,"Fennsee (Fennsee, id: 5800313, fluss-km: NA)",33.12976190476191,32.9925,33.39750000000001
5800313,2020,2020 - 2029,05,"Fennsee (Fennsee, id: 5800313, fluss-km: NA)",33.156370967741935,33.011500000000005,33.398500000000006
5800313,2020,2020 - 2029,06,"Fennsee (Fennsee, id: 5800313, fluss-km: NA)",33.10275,32.8895,33.391000000000005
5800313,2020,2020 - 2029,07,"Fennsee (Fennsee, id: 5800313, fluss-km: NA)",33.18177419354839,33.04,33.56
5800313,2020,2020 - 2029,08,"Fennsee (Fennsee, id: 5800313, fluss-km: NA)",33.18145161290323,33.010000000000005,33.5685
5800313,2020,2020 - 2029,09,"Fennsee (Fennsee, id: 5800313, fluss-km: NA)",33.037333333333336,32.92,33.19050000000001
5800313,2020,2020 - 2029,10,"Fennsee (Fennsee, id: 5800313, fluss-km: NA)",33.002500000000005,32.9215,33.07
5800313,2020,2020 - 2029,11,"Fennsee (Fennsee, id: 5800313, fluss-km: NA)",33.03575,32.910000000000004,33.311
5800313,2020,2020 - 2029,12,"Fennsee (Fennsee, id: 5800313, fluss-km: NA)",33.038629032258065,32.89,33.207
5800314,1990,1990 - 1999,01,"Weißer See (Weißer See, id: 5800314, fluss-km: NA)",41.90532258064516,41.79,42.14
5800314,1990,1990 - 1999,02,"Weißer See (Weißer See, id: 5800314, fluss-km: NA)",41.90232283464567,41.78,42.21
5800314,1990,1990 - 1999,03,"Weißer See (Weißer See, id: 5800314, fluss-km: NA)",41.90817204301075,41.779,42.230000000000004
5800314,1990,1990 - 1999,04,"Weißer See (Weißer See, id: 5800314, fluss-km: NA)",41.90288888888889,41.730000000000004,42.28
5800314,1990,1990 - 1999,05,"Weißer See (Weißer See, id: 5800314, fluss-km: NA)",41.92354838709677,41.749,42.241
5800314,1990,1990 - 1999,06,"Weißer See (Weißer See, id: 5800314, fluss-km: NA)",41.96370370370371,41.804500000000004,42.25
5800314,1990,1990 - 1999,07,"Weißer See (Weißer See, id: 5800314, fluss-km: NA)",41.99078853046595,41.800000000000004,42.2
5800314,1990,1990 - 1999,08,"Weißer See (Weißer See, id: 5800314, fluss-km: NA)",41.99150537634409,41.79,42.291
5800314,1990,1990 - 1999,09,"Weißer See (Weißer See, id: 5800314, fluss-km: NA)",41.94240740740741,41.7145,42.27
5800314,1990,1990 - 1999,10,"Weißer See (Weißer See, id: 5800314, fluss-km: NA)",41.903225806451616,41.660000000000004,42.160000000000004
5800314,1990,1990 - 1999,11,"Weißer See (Weißer See, id: 5800314, fluss-km: NA)",41.88377777777778,41.63,42.12
5800314,1990,1990 - 1999,12,"Weißer See (Weißer See, id: 5800314, fluss-km: NA)",41.87569892473118,41.68,42.13
5800314,2000,2000 - 2009,01,"Weißer See (Weißer See, id: 5800314, fluss-km: NA)",41.75693548387097,41.56,42.09
5800314,2000,2000 - 2009,02,"Weißer See (Weißer See, id: 5800314, fluss-km: NA)",41.80265017667845,41.61,42.1
5800314,2000,2000 - 2009,03,"Weißer See (Weißer See, id: 5800314, fluss-km: NA)",41.84303225806452,41.62,42.1455
5800314,2000,2000 - 2009,04,"Weißer See (Weißer See, id: 5800314, fluss-km: NA)",41.863033333333334,41.62,42.160000000000004
5800314,2000,2000 - 2009,05,"Weißer See (Weißer See, id: 5800314, fluss-km: NA)",41.855161290322584,41.6,42.14
5800314,2000,2000 - 2009,06,"Weißer See (Weißer See, id: 5800314, fluss-km: NA)",41.82983333333333,41.6,42.050000000000004
5800314,2000,2000 - 2009,07,"Weißer See (Weißer See, id: 5800314, fluss-km: NA)",41.80561290322581,41.59,42.08
5800314,2000,2000 - 2009,08,"Weißer See (Weißer See, id: 5800314, fluss-km: NA)",41.784612903225806,41.61,42.07
5800314,2000,2000 - 2009,09,"Weißer See (Weißer See, id: 5800314, fluss-km: NA)",41.7717,41.550000000000004,42.1
5800314,2000,2000 - 2009,10,"Weißer See (Weißer See, id: 5800314, fluss-km: NA)",41.76983870967742,41.51,42.09
5800314,2000,2000 - 2009,11,"Weißer See (Weißer See, id: 5800314, fluss-km: NA)",41.77166666666667,41.51,42.160000000000004
5800314,2000,2000 - 2009,12,"Weißer See (Weißer See, id: 5800314, fluss-km: NA)",41.778225806451616,41.52,42.18
5800314,2010,2010 - 2019,01,"Weißer See (Weißer See, id: 5800314, fluss-km: NA)",42.021967741935484,41.53,42.31
5800314,2010,2010 - 2019,02,"Weißer See (Weißer See, id: 5800314, fluss-km: NA)",42.03964539007092,41.53,42.35
5800314,2010,2010 - 2019,03,"Weißer See (Weißer See, id: 5800314, fluss-km: NA)",42.0523870967742,41.58,42.37
5800314,2010,2010 - 2019,04,"Weißer See (Weißer See, id: 5800314, fluss-km: NA)",42.04533333333333,41.58,42.36
5800314,2010,2010 - 2019,05,"Weißer See (Weißer See, id: 5800314, fluss-km: NA)",42.00716129032258,41.57,42.31
5800314,2010,2010 - 2019,06,"Weißer See (Weißer See, id: 5800314, fluss-km: NA)",41.96986666666667,41.51,42.32
5800314,2010,2010 - 2019,07,"Weißer See (Weißer See, id: 5800314, fluss-km: NA)",41.97548387096774,41.6,42.27
5800314,2010,2010 - 2019,08,"Weißer See (Weißer See, id: 5800314, fluss-km: NA)",41.973064516129035,41.6,42.28
5800314,2010,2010 - 2019,09,"Weißer See (Weißer See, id: 5800314, fluss-km: NA)",41.93255033557047,41.548500000000004,42.27
5800314,2010,2010 - 2019,10,"Weißer See (Weißer See, id: 5800314, fluss-km: NA)",41.91909677419355,41.52,42.2355
5800314,2010,2010 - 2019,11,"Weißer See (Weißer See, id: 5800314, fluss-km: NA)",41.939433333333334,41.51,42.24
5800314,2010,2010 - 2019,12,"Weißer See (Weißer See, id: 5800314, fluss-km: NA)",41.95487096774193,41.52,42.26
5800314,2020,2020 - 2029,01,"Weißer See (Weißer See, id: 5800314, fluss-km: NA)",41.75388888888889,41.550000000000004,41.917500000000004
5800314,2020,2020 - 2029,02,"Weißer See (Weißer See, id: 5800314, fluss-km: NA)",41.8275,41.57,42.07
5800314,2020,2020 - 2029,03,"Weißer See (Weißer See, id: 5800314, fluss-km: NA)",41.88192,41.56,42.2
5800314,2020,2020 - 2029,04,"Weißer See (Weißer See, id: 5800314, fluss-km: NA)",41.73847222222222,41.53,42.045
5800314,2020,2020 - 2029,05,"Weißer See (Weißer See, id: 5800314, fluss-km: NA)",41.64953125,41.5115,41.7885
5800314,2020,2020 - 2029,06,"Weißer See (Weißer See, id: 5800314, fluss-km: NA)",41.587575757575756,41.45,41.7375
5800314,2020,2020 - 2029,07,"Weißer See (Weißer See, id: 5800314, fluss-km: NA)",41.61739583333333,41.480000000000004,41.78
5800314,2020,2020 - 2029,08,"Weißer See (Weißer See, id: 5800314, fluss-km: NA)",41.61053191489362,41.54,41.77
5800314,2020,2020 - 2029,09,"Weißer See (Weißer See, id: 5800314, fluss-km: NA)",41.58663043478261,41.54,41.69
5800314,2020,2020 - 2029,10,"Weißer See (Weißer See, id: 5800314, fluss-km: NA)",41.59084210526316,41.56,41.64
5800314,2020,2020 - 2029,11,"Weißer See (Weißer See, id: 5800314, fluss-km: NA)",41.62836956521739,41.57,41.704499999999996
5800314,2020,2020 - 2029,12,"Weißer See (Weißer See, id: 5800314, fluss-km: NA)",41.64673684210526,41.527,41.83
5800315,2010,2010 - 2019,01,"Obersee (Obersee, id: 5800315, fluss-km: NA)",52.830230414746545,52.61,52.901999999999994
5800315,2010,2010 - 2019,02,"Obersee (Obersee, id: 5800315, fluss-km: NA)",52.82913705583756,52.66,52.89
5800315,2010,2010 - 2019,03,"Obersee (Obersee, id: 5800315, fluss-km: NA)",52.83442396313364,52.76,52.879999999999995
5800315,2010,2010 - 2019,04,"Obersee (Obersee, id: 5800315, fluss-km: NA)",52.827714285714286,52.72,52.87
5800315,2010,2010 - 2019,05,"Obersee (Obersee, id: 5800315, fluss-km: NA)",52.784838709677416,52.668,52.879999999999995
5800315,2010,2010 - 2019,06,"Obersee (Obersee, id: 5800315, fluss-km: NA)",52.804809523809524,52.7145,52.879999999999995
5800315,2010,2010 - 2019,07,"Obersee (Obersee, id: 5800315, fluss-km: NA)",52.796866359447,52.647999999999996,52.949999999999996
5800315,2010,2010 - 2019,08,"Obersee (Obersee, id: 5800315, fluss-km: NA)",52.74983870967742,52.57,52.879999999999995
5800315,2010,2010 - 2019,09,"Obersee (Obersee, id: 5800315, fluss-km: NA)",52.696124999999995,52.449999999999996,52.86
5800315,2010,2010 - 2019,10,"Obersee (Obersee, id: 5800315, fluss-km: NA)",52.72258064516129,52.43,52.879999999999995
5800315,2010,2010 - 2019,11,"Obersee (Obersee, id: 5800315, fluss-km: NA)",52.736625,52.41,52.879999999999995
5800315,2010,2010 - 2019,12,"Obersee (Obersee, id: 5800315, fluss-km: NA)",52.775,52.48,52.879999999999995
5800315,2020,2020 - 2029,01,"Obersee (Obersee, id: 5800315, fluss-km: NA)",52.732451612903226,52.58,52.873
5800315,2020,2020 - 2029,02,"Obersee (Obersee, id: 5800315, fluss-km: NA)",52.821549295774645,52.72,52.89
5800315,2020,2020 - 2029,03,"Obersee (Obersee, id: 5800315, fluss-km: NA)",52.808516129032256,52.71,52.879999999999995
5800315,2020,2020 - 2029,04,"Obersee (Obersee, id: 5800315, fluss-km: NA)",52.76228346456693,52.66,52.87
5800315,2020,2020 - 2029,05,"Obersee (Obersee, id: 5800315, fluss-km: NA)",52.71661290322581,52.61,52.839999999999996
5800315,2020,2020 - 2029,06,"Obersee (Obersee, id: 5800315, fluss-km: NA)",52.64,52.5295,52.860499999999995
5800315,2020,2020 - 2029,07,"Obersee (Obersee, id: 5800315, fluss-km: NA)",52.671532258064516,52.43,52.878499999999995
5800315,2020,2020 - 2029,08,"Obersee (Obersee, id: 5800315, fluss-km: NA)",52.62822580645161,52.33,52.87
5800315,2020,2020 - 2029,09,"Obersee (Obersee, id: 5800315, fluss-km: NA)",52.613499999999995,52.44,52.769999999999996
5800315,2020,2020 - 2029,10,"Obersee (Obersee, id: 5800315, fluss-km: NA)",52.62104838709677,52.5015,52.794
5800315,2020,2020 - 2029,11,"Obersee (Obersee, id: 5800315, fluss-km: NA)",52.6745,52.47,52.8705
5800315,2020,2020 - 2029,12,"Obersee (Obersee, id: 5800315, fluss-km: NA)",52.66298387096774,52.449999999999996,52.9085
5800316,2010,2010 - 2019,01,"Orankesee (Orankesee, id: 5800316, fluss-km: NA)",50.063951612903224,49.91,50.2085
5800316,2010,2010 - 2019,02,"Orankesee (Orankesee, id: 5800316, fluss-km: NA)",50.04637168141593,49.89,50.16
5800316,2010,2010 - 2019,03,"Orankesee (Orankesee, id: 5800316, fluss-km: NA)",50.11233870967742,49.911500000000004,50.199999999999996
5800316,2010,2010 - 2019,04,"Orankesee (Orankesee, id: 5800316, fluss-km: NA)",50.14225,49.9995,50.2305
5800316,2010,2010 - 2019,05,"Orankesee (Orankesee, id: 5800316, fluss-km: NA)",50.08451612903226,49.949999999999996,50.21
5800316,2010,2010 - 2019,06,"Orankesee (Orankesee, id: 5800316, fluss-km: NA)",50.094,49.989999999999995,50.2005
5800316,2010,2010 - 2019,07,"Orankesee (Orankesee, id: 5800316, fluss-km: NA)",50.11782258064516,49.9815,50.29
5800316,2010,2010 - 2019,08,"Orankesee (Orankesee, id: 5800316, fluss-km: NA)",50.094193548387096,49.97,50.2785
5800316,2010,2010 - 2019,09,"Orankesee (Orankesee, id: 5800316, fluss-km: NA)",50.10883333333333,49.9295,50.30049999999999
5800316,2010,2010 - 2019,10,"Orankesee (Orankesee, id: 5800316, fluss-km: NA)",50.1291129032258,50.04,50.25
5800316,2010,2010 - 2019,11,"Orankesee (Orankesee, id: 5800316, fluss-km: NA)",50.130066666666664,50.059999999999995,50.2155
5800316,2010,2010 - 2019,12,"Orankesee (Orankesee, id: 5800316, fluss-km: NA)",50.134580645161286,50.04,50.269999999999996
5800316,2020,2020 - 2029,01,"Orankesee (Orankesee, id: 5800316, fluss-km: NA)",50.102838709677414,50.01,50.303
5800316,2020,2020 - 2029,02,"Orankesee (Orankesee, id: 5800316, fluss-km: NA)",50.1388028169014,50.05,50.22
5800316,2020,2020 - 2029,03,"Orankesee (Orankesee, id: 5800316, fluss-km: NA)",50.16858064516129,50.027,50.35
5800316,2020,2020 - 2029,04,"Orankesee (Orankesee, id: 5800316, fluss-km: NA)",50.23496062992126,50.05,50.446999999999996
5800316,2020,2020 - 2029,05,"Orankesee (Orankesee, id: 5800316, fluss-km: NA)",50.15895161290322,49.9815,50.309999999999995
5800316,2020,2020 - 2029,06,"Orankesee (Orankesee, id: 5800316, fluss-km: NA)",50.18625,50,50.350500000000004
5800316,2020,2020 - 2029,07,"Orankesee (Orankesee, id: 5800316, fluss-km: NA)",50.20798387096774,50.00150000000001,50.33
5800316,2020,2020 - 2029,08,"Orankesee (Orankesee, id: 5800316, fluss-km: NA)",50.22564516129032,50.08,50.378499999999995
5800316,2020,2020 - 2029,09,"Orankesee (Orankesee, id: 5800316, fluss-km: NA)",50.16775,49.949999999999996,50.379999999999995
5800316,2020,2020 - 2029,10,"Orankesee (Orankesee, id: 5800316, fluss-km: NA)",50.159274193548384,49.992999999999995,50.35
5800316,2020,2020 - 2029,11,"Orankesee (Orankesee, id: 5800316, fluss-km: NA)",50.18383333333333,50.07,50.4205
5800316,2020,2020 - 2029,12,"Orankesee (Orankesee, id: 5800316, fluss-km: NA)",50.11403225806451,49.951499999999996,50.339999999999996
5800317,2000,2000 - 2009,01,"Biesdorfer Baggersee (Biesdorfer Baggersee, id: 5800317, fluss-km: NA)",34.145645161290325,33.95,34.6455
5800317,2000,2000 - 2009,02,"Biesdorfer Baggersee (Biesdorfer Baggersee, id: 5800317, fluss-km: NA)",34.18734513274336,33.996,34.444
5800317,2000,2000 - 2009,03,"Biesdorfer Baggersee (Biesdorfer Baggersee, id: 5800317, fluss-km: NA)",34.267870967741935,34.019999999999996,34.5
5800317,2000,2000 - 2009,04,"Biesdorfer Baggersee (Biesdorfer Baggersee, id: 5800317, fluss-km: NA)",34.236466666666665,34.0145,34.5555
5800317,2000,2000 - 2009,05,"Biesdorfer Baggersee (Biesdorfer Baggersee, id: 5800317, fluss-km: NA)",34.252,34.06,34.463
5800317,2000,2000 - 2009,06,"Biesdorfer Baggersee (Biesdorfer Baggersee, id: 5800317, fluss-km: NA)",34.303399999999996,34.059,34.7
5800317,2000,2000 - 2009,07,"Biesdorfer Baggersee (Biesdorfer Baggersee, id: 5800317, fluss-km: NA)",34.28774193548387,33.987,34.603
5800317,2000,2000 - 2009,08,"Biesdorfer Baggersee (Biesdorfer Baggersee, id: 5800317, fluss-km: NA)",34.23664516129032,34.04,34.583
5800317,2000,2000 - 2009,09,"Biesdorfer Baggersee (Biesdorfer Baggersee, id: 5800317, fluss-km: NA)",34.1554,34.03,34.269999999999996
5800317,2000,2000 - 2009,10,"Biesdorfer Baggersee (Biesdorfer Baggersee, id: 5800317, fluss-km: NA)",34.13909677419355,34.03,34.286
5800317,2000,2000 - 2009,11,"Biesdorfer Baggersee (Biesdorfer Baggersee, id: 5800317, fluss-km: NA)",34.157266666666665,34,34.31
5800317,2000,2000 - 2009,12,"Biesdorfer Baggersee (Biesdorfer Baggersee, id: 5800317, fluss-km: NA)",34.159032258064514,33.92,34.36
5800317,2010,2010 - 2019,01,"Biesdorfer Baggersee (Biesdorfer Baggersee, id: 5800317, fluss-km: NA)",34.25074193548387,33.97,34.65
5800317,2010,2010 - 2019,02,"Biesdorfer Baggersee (Biesdorfer Baggersee, id: 5800317, fluss-km: NA)",34.23163120567376,33.98,34.63
5800317,2010,2010 - 2019,03,"Biesdorfer Baggersee (Biesdorfer Baggersee, id: 5800317, fluss-km: NA)",34.23003225806452,33.99,34.5955
5800317,2010,2010 - 2019,04,"Biesdorfer Baggersee (Biesdorfer Baggersee, id: 5800317, fluss-km: NA)",34.191833333333335,34,34.48
5800317,2010,2010 - 2019,05,"Biesdorfer Baggersee (Biesdorfer Baggersee, id: 5800317, fluss-km: NA)",34.164967741935484,34.01,34.4255
5800317,2010,2010 - 2019,06,"Biesdorfer Baggersee (Biesdorfer Baggersee, id: 5800317, fluss-km: NA)",34.13386666666666,33.95,34.4105
5800317,2010,2010 - 2019,07,"Biesdorfer Baggersee (Biesdorfer Baggersee, id: 5800317, fluss-km: NA)",34.16754838709677,33.99,34.481
5800317,2010,2010 - 2019,08,"Biesdorfer Baggersee (Biesdorfer Baggersee, id: 5800317, fluss-km: NA)",34.15851612903226,33.9745,34.71
5800317,2010,2010 - 2019,09,"Biesdorfer Baggersee (Biesdorfer Baggersee, id: 5800317, fluss-km: NA)",34.1421,33.98,34.6005
5800317,2010,2010 - 2019,10,"Biesdorfer Baggersee (Biesdorfer Baggersee, id: 5800317, fluss-km: NA)",34.154935483870965,33.99,34.585499999999996
5800317,2010,2010 - 2019,11,"Biesdorfer Baggersee (Biesdorfer Baggersee, id: 5800317, fluss-km: NA)",34.1894,34.039500000000004,34.6005
5800317,2010,2010 - 2019,12,"Biesdorfer Baggersee (Biesdorfer Baggersee, id: 5800317, fluss-km: NA)",34.21441935483871,33.99,34.65
5800317,2020,2020 - 2029,01,"Biesdorfer Baggersee (Biesdorfer Baggersee, id: 5800317, fluss-km: NA)",34.15690322580645,34.089999999999996,34.356
5800317,2020,2020 - 2029,02,"Biesdorfer Baggersee (Biesdorfer Baggersee, id: 5800317, fluss-km: NA)",34.18964788732394,34.1,34.48
5800317,2020,2020 - 2029,03,"Biesdorfer Baggersee (Biesdorfer Baggersee, id: 5800317, fluss-km: NA)",34.17374193548387,34.1,34.403
5800317,2020,2020 - 2029,04,"Biesdorfer Baggersee (Biesdorfer Baggersee, id: 5800317, fluss-km: NA)",34.14755905511811,34.11,34.346
5800317,2020,2020 - 2029,05,"Biesdorfer Baggersee (Biesdorfer Baggersee, id: 5800317, fluss-km: NA)",34.13233870967742,34.11,34.17
5800317,2020,2020 - 2029,06,"Biesdorfer Baggersee (Biesdorfer Baggersee, id: 5800317, fluss-km: NA)",34.120666666666665,34.089999999999996,34.200500000000005
5800317,2020,2020 - 2029,07,"Biesdorfer Baggersee (Biesdorfer Baggersee, id: 5800317, fluss-km: NA)",34.1333064516129,34.089999999999996,34.2955
5800317,2020,2020 - 2029,08,"Biesdorfer Baggersee (Biesdorfer Baggersee, id: 5800317, fluss-km: NA)",34.112177419354836,34.0815,34.17
5800317,2020,2020 - 2029,09,"Biesdorfer Baggersee (Biesdorfer Baggersee, id: 5800317, fluss-km: NA)",34.11066666666667,34.08,34.17
5800317,2020,2020 - 2029,10,"Biesdorfer Baggersee (Biesdorfer Baggersee, id: 5800317, fluss-km: NA)",34.1366129032258,34.08,34.24
5800317,2020,2020 - 2029,11,"Biesdorfer Baggersee (Biesdorfer Baggersee, id: 5800317, fluss-km: NA)",34.196333333333335,34.08,34.4605
5800317,2020,2020 - 2029,12,"Biesdorfer Baggersee (Biesdorfer Baggersee, id: 5800317, fluss-km: NA)",34.2066129032258,34.08,34.55
5800318,2010,2010 - 2019,01,"Malchower See (Malchower See, id: 5800318, fluss-km: NA)",47.40962365591398,47.1825,47.74
5800318,2010,2010 - 2019,02,"Malchower See (Malchower See, id: 5800318, fluss-km: NA)",47.45585798816568,47.300000000000004,47.730000000000004
5800318,2010,2010 - 2019,03,"Malchower See (Malchower See, id: 5800318, fluss-km: NA)",47.54903225806452,47.300000000000004,47.74
5800318,2010,2010 - 2019,04,"Malchower See (Malchower See, id: 5800318, fluss-km: NA)",47.587500000000006,47.260000000000005,47.74
5800318,2010,2010 - 2019,05,"Malchower See (Malchower See, id: 5800318, fluss-km: NA)",47.54790322580645,47.2325,47.71
5800318,2010,2010 - 2019,06,"Malchower See (Malchower See, id: 5800318, fluss-km: NA)",47.47544444444445,47.160000000000004,47.67
5800318,2010,2010 - 2019,07,"Malchower See (Malchower See, id: 5800318, fluss-km: NA)",47.47069892473119,47.13,47.8575
5800318,2010,2010 - 2019,08,"Malchower See (Malchower See, id: 5800318, fluss-km: NA)",47.37133640552996,47.098,47.720000000000006
5800318,2010,2010 - 2019,09,"Malchower See (Malchower See, id: 5800318, fluss-km: NA)",47.29390476190476,47.050000000000004,47.68
5800318,2010,2010 - 2019,10,"Malchower See (Malchower See, id: 5800318, fluss-km: NA)",47.287557603686636,47.050000000000004,47.720000000000006
5800318,2010,2010 - 2019,11,"Malchower See (Malchower See, id: 5800318, fluss-km: NA)",47.291761904761906,47.06,47.7455
5800318,2010,2010 - 2019,12,"Malchower See (Malchower See, id: 5800318, fluss-km: NA)",47.32161290322581,47.138,47.730000000000004
5800318,2020,2020 - 2029,01,"Malchower See (Malchower See, id: 5800318, fluss-km: NA)",47.402580645161294,47.1,47.74
5800318,2020,2020 - 2029,02,"Malchower See (Malchower See, id: 5800318, fluss-km: NA)",47.456267605633805,47.190000000000005,47.760000000000005
5800318,2020,2020 - 2029,03,"Malchower See (Malchower See, id: 5800318, fluss-km: NA)",47.53045161290323,47.25,47.730000000000004
5800318,2020,2020 - 2029,04,"Malchower See (Malchower See, id: 5800318, fluss-km: NA)",47.565905511811025,47.39,47.720000000000006
5800318,2020,2020 - 2029,05,"Malchower See (Malchower See, id: 5800318, fluss-km: NA)",47.54830645161291,47.4515,47.660000000000004
5800318,2020,2020 - 2029,06,"Malchower See (Malchower See, id: 5800318, fluss-km: NA)",47.4455,47.33950000000001,47.56
5800318,2020,2020 - 2029,07,"Malchower See (Malchower See, id: 5800318, fluss-km: NA)",47.40201612903226,47.260000000000005,47.578500000000005
5800318,2020,2020 - 2029,08,"Malchower See (Malchower See, id: 5800318, fluss-km: NA)",47.31282258064516,47.1115,47.5885
5800318,2020,2020 - 2029,09,"Malchower See (Malchower See, id: 5800318, fluss-km: NA)",47.22041666666667,46.88,47.47050000000001
5800318,2020,2020 - 2029,10,"Malchower See (Malchower See, id: 5800318, fluss-km: NA)",47.18491935483871,46.99,47.398500000000006
5800318,2020,2020 - 2029,11,"Malchower See (Malchower See, id: 5800318, fluss-km: NA)",47.2655,47.02,47.480000000000004
5800318,2020,2020 - 2029,12,"Malchower See (Malchower See, id: 5800318, fluss-km: NA)",47.34145161290323,47.02,47.728500000000004
5800320,2010,2010 - 2019,01,"Fennpfuhl (Fennpfuhl, id: 5800320, fluss-km: NA)",46.94870967741936,46.92,46.980000000000004
5800320,2010,2010 - 2019,02,"Fennpfuhl (Fennpfuhl, id: 5800320, fluss-km: NA)",46.957857142857144,46.9335,46.980000000000004
5800320,2010,2010 - 2019,03,"Fennpfuhl (Fennpfuhl, id: 5800320, fluss-km: NA)",46.98483870967742,46.95,47.015
5800320,2010,2010 - 2019,04,"Fennpfuhl (Fennpfuhl, id: 5800320, fluss-km: NA)",46.95766666666667,46.914500000000004,47.021
5800320,2010,2010 - 2019,05,"Fennpfuhl (Fennpfuhl, id: 5800320, fluss-km: NA)",47.017741935483876,46.97500000000001,47.040000000000006
5800320,2010,2010 - 2019,06,"Fennpfuhl (Fennpfuhl, id: 5800320, fluss-km: NA)",47.09466666666667,46.970000000000006,47.274
5800320,2010,2010 - 2019,07,"Fennpfuhl (Fennpfuhl, id: 5800320, fluss-km: NA)",47.0891935483871,46.96,47.190000000000005
5800320,2010,2010 - 2019,08,"Fennpfuhl (Fennpfuhl, id: 5800320, fluss-km: NA)",47.11435483870968,46.95,47.24
5800320,2010,2010 - 2019,09,"Fennpfuhl (Fennpfuhl, id: 5800320, fluss-km: NA)",47.060833333333335,46.94950000000001,47.2
5800320,2010,2010 - 2019,10,"Fennpfuhl (Fennpfuhl, id: 5800320, fluss-km: NA)",46.99193548387097,46.93,47.07
5800320,2010,2010 - 2019,11,"Fennpfuhl (Fennpfuhl, id: 5800320, fluss-km: NA)",46.923500000000004,46.88,46.970000000000006
5800320,2010,2010 - 2019,12,"Fennpfuhl (Fennpfuhl, id: 5800320, fluss-km: NA)",46.918225806451616,46.8805,46.93
5800320,2020,2020 - 2029,01,"Fennpfuhl (Fennpfuhl, id: 5800320, fluss-km: NA)",46.95406451612904,46.82,47.080000000000005
5800320,2020,2020 - 2029,02,"Fennpfuhl (Fennpfuhl, id: 5800320, fluss-km: NA)",47.00352112676057,46.85,47.190000000000005
5800320,2020,2020 - 2029,03,"Fennpfuhl (Fennpfuhl, id: 5800320, fluss-km: NA)",47.028387096774196,46.86000000000001,47.190000000000005
5800320,2020,2020 - 2029,04,"Fennpfuhl (Fennpfuhl, id: 5800320, fluss-km: NA)",46.98637795275591,46.823,47.165
5800320,2020,2020 - 2029,05,"Fennpfuhl (Fennpfuhl, id: 5800320, fluss-km: NA)",46.99435483870968,46.82,47.14
5800320,2020,2020 - 2029,06,"Fennpfuhl (Fennpfuhl, id: 5800320, fluss-km: NA)",47.02441666666667,46.9095,47.23100000000001
5800320,2020,2020 - 2029,07,"Fennpfuhl (Fennpfuhl, id: 5800320, fluss-km: NA)",47.05645161290323,46.92,47.150000000000006
5800320,2020,2020 - 2029,08,"Fennpfuhl (Fennpfuhl, id: 5800320, fluss-km: NA)",46.98870967741936,46.86000000000001,47.160000000000004
5800320,2020,2020 - 2029,09,"Fennpfuhl (Fennpfuhl, id: 5800320, fluss-km: NA)",46.896750000000004,46.77,47.07
5800320,2020,2020 - 2029,10,"Fennpfuhl (Fennpfuhl, id: 5800320, fluss-km: NA)",46.85806451612903,46.760000000000005,46.980000000000004
5800320,2020,2020 - 2029,11,"Fennpfuhl (Fennpfuhl, id: 5800320, fluss-km: NA)",46.93466666666667,46.86000000000001,47.0305
5800320,2020,2020 - 2029,12,"Fennpfuhl (Fennpfuhl, id: 5800320, fluss-km: NA)",46.92741935483871,46.81,47.067
5803200,1960,1960 - 1969,01,"Tiefwerder (Havel, id: 5803200, fluss-km: 1.48)",29.786250000000003,29.3035,30.240000000000002
5803200,1960,1960 - 1969,02,"Tiefwerder (Havel, id: 5803200, fluss-km: 1.48)",29.91495575221239,29.240000000000002,30.4275
5803200,1960,1960 - 1969,03,"Tiefwerder (Havel, id: 5803200, fluss-km: 1.48)",29.868709677419357,29.270000000000003,30.3765
5803200,1960,1960 - 1969,04,"Tiefwerder (Havel, id: 5803200, fluss-km: 1.48)",29.782500000000002,29.450000000000003,30.0605
5803200,1960,1960 - 1969,05,"Tiefwerder (Havel, id: 5803200, fluss-km: 1.48)",29.59241935483871,29.2935,30.066499999999998
5803200,1960,1960 - 1969,06,"Tiefwerder (Havel, id: 5803200, fluss-km: 1.48)",29.374083333333335,29.14,29.630000000000003
5803200,1960,1960 - 1969,07,"Tiefwerder (Havel, id: 5803200, fluss-km: 1.48)",29.308306451612903,29,29.686500000000002
5803200,1960,1960 - 1969,08,"Tiefwerder (Havel, id: 5803200, fluss-km: 1.48)",29.243145161290325,28.9935,29.5365
5803200,1960,1960 - 1969,09,"Tiefwerder (Havel, id: 5803200, fluss-km: 1.48)",29.367458333333335,29.130000000000003,29.68
5803200,1960,1960 - 1969,10,"Tiefwerder (Havel, id: 5803200, fluss-km: 1.48)",29.395080645161293,29.213500000000003,29.696500000000004
5803200,1960,1960 - 1969,11,"Tiefwerder (Havel, id: 5803200, fluss-km: 1.48)",29.5042962962963,29.3,29.795500000000004
5803200,1960,1960 - 1969,12,"Tiefwerder (Havel, id: 5803200, fluss-km: 1.48)",29.660501792114697,29.28,30.091000000000005
5803200,1970,1970 - 1979,01,"Tiefwerder (Havel, id: 5803200, fluss-km: 1.48)",29.751870967741937,29.384500000000003,30.565500000000004
5803200,1970,1970 - 1979,02,"Tiefwerder (Havel, id: 5803200, fluss-km: 1.48)",29.707092198581563,29.4505,30.040000000000003
5803200,1970,1970 - 1979,03,"Tiefwerder (Havel, id: 5803200, fluss-km: 1.48)",29.697483870967744,29.48,30.4955
5803200,1970,1970 - 1979,04,"Tiefwerder (Havel, id: 5803200, fluss-km: 1.48)",29.72436666666667,29.32,30.580000000000002
5803200,1970,1970 - 1979,05,"Tiefwerder (Havel, id: 5803200, fluss-km: 1.48)",29.53458064516129,29.240000000000002,30.075499999999998
5803200,1970,1970 - 1979,06,"Tiefwerder (Havel, id: 5803200, fluss-km: 1.48)",29.40876666666667,29.269500000000004,29.650000000000002
5803200,1970,1970 - 1979,07,"Tiefwerder (Havel, id: 5803200, fluss-km: 1.48)",29.33067741935484,29.14,29.53
5803200,1970,1970 - 1979,08,"Tiefwerder (Havel, id: 5803200, fluss-km: 1.48)",29.330838709677423,29.110000000000003,29.69
5803200,1970,1970 - 1979,09,"Tiefwerder (Havel, id: 5803200, fluss-km: 1.48)",29.358866666666668,29.150000000000002,29.810000000000002
5803200,1970,1970 - 1979,10,"Tiefwerder (Havel, id: 5803200, fluss-km: 1.48)",29.445258064516132,29.244500000000002,29.91
5803200,1970,1970 - 1979,11,"Tiefwerder (Havel, id: 5803200, fluss-km: 1.48)",29.580233333333336,29.3,30.0005
5803200,1970,1970 - 1979,12,"Tiefwerder (Havel, id: 5803200, fluss-km: 1.48)",29.683387096774194,29.3545,30.2665
5803200,1980,1980 - 1989,01,"Tiefwerder (Havel, id: 5803200, fluss-km: 1.48)",29.819903225806453,29.484500000000004,30.335500000000003
5803200,1980,1980 - 1989,02,"Tiefwerder (Havel, id: 5803200, fluss-km: 1.48)",29.845971731448763,29.5,30.23
5803200,1980,1980 - 1989,03,"Tiefwerder (Havel, id: 5803200, fluss-km: 1.48)",29.819903225806453,29.46,30.400000000000002
5803200,1980,1980 - 1989,04,"Tiefwerder (Havel, id: 5803200, fluss-km: 1.48)",29.780133333333335,29.4095,30.220000000000002
5803200,1980,1980 - 1989,05,"Tiefwerder (Havel, id: 5803200, fluss-km: 1.48)",29.576129032258066,29.334500000000002,29.87
5803200,1980,1980 - 1989,06,"Tiefwerder (Havel, id: 5803200, fluss-km: 1.48)",29.5025,29.3,29.811500000000002
5803200,1980,1980 - 1989,07,"Tiefwerder (Havel, id: 5803200, fluss-km: 1.48)",29.416258064516132,29.19,29.781000000000002
5803200,1980,1980 - 1989,08,"Tiefwerder (Havel, id: 5803200, fluss-km: 1.48)",29.442387096774194,29.25,29.810000000000002
5803200,1980,1980 - 1989,09,"Tiefwerder (Havel, id: 5803200, fluss-km: 1.48)",29.433933333333336,29.310000000000002,29.610500000000002
5803200,1980,1980 - 1989,10,"Tiefwerder (Havel, id: 5803200, fluss-km: 1.48)",29.493000000000002,29.35,29.790000000000003
5803200,1980,1980 - 1989,11,"Tiefwerder (Havel, id: 5803200, fluss-km: 1.48)",29.560000000000002,29.3695,29.9905
5803200,1980,1980 - 1989,12,"Tiefwerder (Havel, id: 5803200, fluss-km: 1.48)",29.66083870967742,29.44,30.110000000000003
5803200,1990,1990 - 1999,01,"Tiefwerder (Havel, id: 5803200, fluss-km: 1.48)",29.567967741935487,29.35,29.96
5803200,1990,1990 - 1999,02,"Tiefwerder (Havel, id: 5803200, fluss-km: 1.48)",29.592163120567378,29.3905,29.990000000000002
5803200,1990,1990 - 1999,03,"Tiefwerder (Havel, id: 5803200, fluss-km: 1.48)",29.588290322580647,29.37,29.93
5803200,1990,1990 - 1999,04,"Tiefwerder (Havel, id: 5803200, fluss-km: 1.48)",29.561500000000002,29.35,30.200500000000005
5803200,1990,1990 - 1999,05,"Tiefwerder (Havel, id: 5803200, fluss-km: 1.48)",29.419290322580647,29.26,29.67
5803200,1990,1990 - 1999,06,"Tiefwerder (Havel, id: 5803200, fluss-km: 1.48)",29.3917,29.25,29.73
5803200,1990,1990 - 1999,07,"Tiefwerder (Havel, id: 5803200, fluss-km: 1.48)",29.33393548387097,29.240000000000002,29.490000000000002
5803200,1990,1990 - 1999,08,"Tiefwerder (Havel, id: 5803200, fluss-km: 1.48)",29.301064516129035,29.240000000000002,29.39
5803200,1990,1990 - 1999,09,"Tiefwerder (Havel, id: 5803200, fluss-km: 1.48)",29.356833333333334,29.26,29.541000000000004
5803200,1990,1990 - 1999,10,"Tiefwerder (Havel, id: 5803200, fluss-km: 1.48)",29.3641935483871,29.28,29.450000000000003
5803200,1990,1990 - 1999,11,"Tiefwerder (Havel, id: 5803200, fluss-km: 1.48)",29.43416666666667,29.310000000000002,29.590500000000006
5803200,1990,1990 - 1999,12,"Tiefwerder (Havel, id: 5803200, fluss-km: 1.48)",29.5011935483871,29.35,29.7555
5803200,2000,2000 - 2009,01,"Tiefwerder (Havel, id: 5803200, fluss-km: 1.48)",29.43861290322581,29.32,29.720000000000002
5803200,2000,2000 - 2009,02,"Tiefwerder (Havel, id: 5803200, fluss-km: 1.48)",29.48985865724382,29.340000000000003,29.669000000000004
5803200,2000,2000 - 2009,03,"Tiefwerder (Havel, id: 5803200, fluss-km: 1.48)",29.510483870967743,29.35,29.785500000000003
5803200,2000,2000 - 2009,04,"Tiefwerder (Havel, id: 5803200, fluss-km: 1.48)",29.439866666666667,29.290000000000003,29.71
5803200,2000,2000 - 2009,05,"Tiefwerder (Havel, id: 5803200, fluss-km: 1.48)",29.327290322580648,29.270000000000003,29.395500000000002
5803200,2000,2000 - 2009,06,"Tiefwerder (Havel, id: 5803200, fluss-km: 1.48)",29.313933333333335,29.25,29.380000000000003
5803200,2000,2000 - 2009,07,"Tiefwerder (Havel, id: 5803200, fluss-km: 1.48)",29.310161290322583,29.26,29.380000000000003
5803200,2000,2000 - 2009,08,"Tiefwerder (Havel, id: 5803200, fluss-km: 1.48)",29.312838709677422,29.244500000000002,29.4255
5803200,2000,2000 - 2009,09,"Tiefwerder (Havel, id: 5803200, fluss-km: 1.48)",29.31116666666667,29.25,29.400000000000002
5803200,2000,2000 - 2009,10,"Tiefwerder (Havel, id: 5803200, fluss-km: 1.48)",29.332129032258067,29.270000000000003,29.44
5803200,2000,2000 - 2009,11,"Tiefwerder (Havel, id: 5803200, fluss-km: 1.48)",29.3669,29.28,29.540000000000003
5803200,2000,2000 - 2009,12,"Tiefwerder (Havel, id: 5803200, fluss-km: 1.48)",29.370451612903228,29.28,29.490000000000002
5803200,2010,2010 - 2019,01,"Tiefwerder (Havel, id: 5803200, fluss-km: 1.48)",29.616129032258065,29.35,30.256500000000003
5803200,2010,2010 - 2019,02,"Tiefwerder (Havel, id: 5803200, fluss-km: 1.48)",29.60265957446809,29.37,30.1785
5803200,2010,2010 - 2019,03,"Tiefwerder (Havel, id: 5803200, fluss-km: 1.48)",29.534225806451616,29.340000000000003,29.73
5803200,2010,2010 - 2019,04,"Tiefwerder (Havel, id: 5803200, fluss-km: 1.48)",29.44386666666667,29.329500000000003,29.590000000000003
5803200,2010,2010 - 2019,05,"Tiefwerder (Havel, id: 5803200, fluss-km: 1.48)",29.35367741935484,29.270000000000003,29.48
5803200,2010,2010 - 2019,06,"Tiefwerder (Havel, id: 5803200, fluss-km: 1.48)",29.352766666666668,29.26,29.650000000000002
5803200,2010,2010 - 2019,07,"Tiefwerder (Havel, id: 5803200, fluss-km: 1.48)",29.3631935483871,29.25,29.6755
5803200,2010,2010 - 2019,08,"Tiefwerder (Havel, id: 5803200, fluss-km: 1.48)",29.379483870967743,29.26,29.742000000000004
5803200,2010,2010 - 2019,09,"Tiefwerder (Havel, id: 5803200, fluss-km: 1.48)",29.355600000000003,29.270000000000003,29.4905
5803200,2010,2010 - 2019,10,"Tiefwerder (Havel, id: 5803200, fluss-km: 1.48)",29.398612903225807,29.290000000000003,29.55
5803200,2010,2010 - 2019,11,"Tiefwerder (Havel, id: 5803200, fluss-km: 1.48)",29.443033333333336,29.310000000000002,29.700000000000003
5803200,2010,2010 - 2019,12,"Tiefwerder (Havel, id: 5803200, fluss-km: 1.48)",29.524,29.344500000000004,29.860000000000003
5803200,2020,2020 - 2029,01,"Tiefwerder (Havel, id: 5803200, fluss-km: 1.48)",29.486709677419356,29.380000000000003,29.756
5803200,2020,2020 - 2029,02,"Tiefwerder (Havel, id: 5803200, fluss-km: 1.48)",29.566478873239436,29.41,29.909499999999998
5803200,2020,2020 - 2029,03,"Tiefwerder (Havel, id: 5803200, fluss-km: 1.48)",29.44651612903226,29.32,29.573
5803200,2020,2020 - 2029,04,"Tiefwerder (Havel, id: 5803200, fluss-km: 1.48)",29.38905511811024,29.303000000000004,29.534000000000006
5803200,2020,2020 - 2029,05,"Tiefwerder (Havel, id: 5803200, fluss-km: 1.48)",29.345241935483873,29.3,29.41
5803200,2020,2020 - 2029,06,"Tiefwerder (Havel, id: 5803200, fluss-km: 1.48)",29.319583333333334,29.270000000000003,29.43
5803200,2020,2020 - 2029,07,"Tiefwerder (Havel, id: 5803200, fluss-km: 1.48)",29.340806451612906,29.3015,29.400000000000002
5803200,2020,2020 - 2029,08,"Tiefwerder (Havel, id: 5803200, fluss-km: 1.48)",29.324919354838713,29.26,29.380000000000003
5803200,2020,2020 - 2029,09,"Tiefwerder (Havel, id: 5803200, fluss-km: 1.48)",29.333333333333336,29.289500000000004,29.380500000000005
5803200,2020,2020 - 2029,10,"Tiefwerder (Havel, id: 5803200, fluss-km: 1.48)",29.352419354838712,29.310000000000002,29.42
5803200,2020,2020 - 2029,11,"Tiefwerder (Havel, id: 5803200, fluss-km: 1.48)",29.38575,29.32,29.51
5803200,2020,2020 - 2029,12,"Tiefwerder (Havel, id: 5803200, fluss-km: 1.48)",29.425725806451613,29.310000000000002,29.8425
5803500,1960,1960 - 1969,01,"Pfaueninsel (Havel, id: 5803500, fluss-km: 14.65)",29.721129032258066,29.283499999999997,30.12
5803500,1960,1960 - 1969,02,"Pfaueninsel (Havel, id: 5803500, fluss-km: 14.65)",29.835486725663717,29.21,30.3375
5803500,1960,1960 - 1969,03,"Pfaueninsel (Havel, id: 5803500, fluss-km: 14.65)",29.786048387096773,29.26,30.2565
5803500,1960,1960 - 1969,04,"Pfaueninsel (Havel, id: 5803500, fluss-km: 14.65)",29.701083333333333,29.419500000000003,29.96
5803500,1960,1960 - 1969,05,"Pfaueninsel (Havel, id: 5803500, fluss-km: 14.65)",29.531612903225806,29.28,29.96
5803500,1960,1960 - 1969,06,"Pfaueninsel (Havel, id: 5803500, fluss-km: 14.65)",29.33475,29.1395,29.56
5803500,1960,1960 - 1969,07,"Pfaueninsel (Havel, id: 5803500, fluss-km: 14.65)",29.280362903225807,28.99,29.62
5803500,1960,1960 - 1969,08,"Pfaueninsel (Havel, id: 5803500, fluss-km: 14.65)",29.215362903225806,29,29.473
5803500,1960,1960 - 1969,09,"Pfaueninsel (Havel, id: 5803500, fluss-km: 14.65)",29.327625,29.12,29.6005
5803500,1960,1960 - 1969,10,"Pfaueninsel (Havel, id: 5803500, fluss-km: 14.65)",29.349798387096776,29.2,29.602999999999998
5803500,1960,1960 - 1969,11,"Pfaueninsel (Havel, id: 5803500, fluss-km: 14.65)",29.450592592592592,29.28,29.7
5803500,1960,1960 - 1969,12,"Pfaueninsel (Havel, id: 5803500, fluss-km: 14.65)",29.59888888888889,29.269000000000002,29.991
5803500,1970,1970 - 1979,01,"Pfaueninsel (Havel, id: 5803500, fluss-km: 14.65)",29.689258064516128,29.3545,30.435499999999998
5803500,1970,1970 - 1979,02,"Pfaueninsel (Havel, id: 5803500, fluss-km: 14.65)",29.647836879432624,29.43,29.96
5803500,1970,1970 - 1979,03,"Pfaueninsel (Havel, id: 5803500, fluss-km: 14.65)",29.633774193548387,29.45,30.351
5803500,1970,1970 - 1979,04,"Pfaueninsel (Havel, id: 5803500, fluss-km: 14.65)",29.662233333333333,29.3,30.4505
5803500,1970,1970 - 1979,05,"Pfaueninsel (Havel, id: 5803500, fluss-km: 14.65)",29.491032258064518,29.2245,29.9755
5803500,1970,1970 - 1979,06,"Pfaueninsel (Havel, id: 5803500, fluss-km: 14.65)",29.378333333333334,29.26,29.58
5803500,1970,1970 - 1979,07,"Pfaueninsel (Havel, id: 5803500, fluss-km: 14.65)",29.305032258064514,29.12,29.4855
5803500,1970,1970 - 1979,08,"Pfaueninsel (Havel, id: 5803500, fluss-km: 14.65)",29.303677419354837,29.09,29.6155
5803500,1970,1970 - 1979,09,"Pfaueninsel (Havel, id: 5803500, fluss-km: 14.65)",29.3306,29.14,29.720499999999998
5803500,1970,1970 - 1979,10,"Pfaueninsel (Havel, id: 5803500, fluss-km: 14.65)",29.40716129032258,29.23,29.82
5803500,1970,1970 - 1979,11,"Pfaueninsel (Havel, id: 5803500, fluss-km: 14.65)",29.527166666666666,29.28,29.91
5803500,1970,1970 - 1979,12,"Pfaueninsel (Havel, id: 5803500, fluss-km: 14.65)",29.614709677419356,29.3345,30.1155
5803500,1980,1980 - 1989,01,"Pfaueninsel (Havel, id: 5803500, fluss-km: 14.65)",29.74074193548387,29.46,30.235500000000002
5803500,1980,1980 - 1989,02,"Pfaueninsel (Havel, id: 5803500, fluss-km: 14.65)",29.755229681978797,29.46,30.1
5803500,1980,1980 - 1989,03,"Pfaueninsel (Havel, id: 5803500, fluss-km: 14.65)",29.730838709677418,29.45,30.259999999999998
5803500,1980,1980 - 1989,04,"Pfaueninsel (Havel, id: 5803500, fluss-km: 14.65)",29.7031,29.39,30.121000000000002
5803500,1980,1980 - 1989,05,"Pfaueninsel (Havel, id: 5803500, fluss-km: 14.65)",29.52864516129032,29.35,29.75
5803500,1980,1980 - 1989,06,"Pfaueninsel (Havel, id: 5803500, fluss-km: 14.65)",29.467666666666666,29.31,29.740999999999996
5803500,1980,1980 - 1989,07,"Pfaueninsel (Havel, id: 5803500, fluss-km: 14.65)",29.391870967741937,29.18,29.7
5803500,1980,1980 - 1989,08,"Pfaueninsel (Havel, id: 5803500, fluss-km: 14.65)",29.411193548387097,29.24,29.71
5803500,1980,1980 - 1989,09,"Pfaueninsel (Havel, id: 5803500, fluss-km: 14.65)",29.401866666666667,29.29,29.5405
5803500,1980,1980 - 1989,10,"Pfaueninsel (Havel, id: 5803500, fluss-km: 14.65)",29.453612903225807,29.33,29.695500000000003
5803500,1980,1980 - 1989,11,"Pfaueninsel (Havel, id: 5803500, fluss-km: 14.65)",29.5134,29.349500000000003,29.87
5803500,1980,1980 - 1989,12,"Pfaueninsel (Havel, id: 5803500, fluss-km: 14.65)",29.59632258064516,29.4045,30.005499999999998
5803500,1990,1990 - 1999,01,"Pfaueninsel (Havel, id: 5803500, fluss-km: 14.65)",29.514903225806453,29.34,29.825499999999998
5803500,1990,1990 - 1999,02,"Pfaueninsel (Havel, id: 5803500, fluss-km: 14.65)",29.536879432624115,29.38,29.869500000000002
5803500,1990,1990 - 1999,03,"Pfaueninsel (Havel, id: 5803500, fluss-km: 14.65)",29.532064516129033,29.36,29.805500000000002
5803500,1990,1990 - 1999,04,"Pfaueninsel (Havel, id: 5803500, fluss-km: 14.65)",29.517166666666668,29.33,30.052
5803500,1990,1990 - 1999,05,"Pfaueninsel (Havel, id: 5803500, fluss-km: 14.65)",29.391806451612904,29.25,29.6
5803500,1990,1990 - 1999,06,"Pfaueninsel (Havel, id: 5803500, fluss-km: 14.65)",29.367866666666668,29.25,29.6505
5803500,1990,1990 - 1999,07,"Pfaueninsel (Havel, id: 5803500, fluss-km: 14.65)",29.317870967741936,29.23,29.44
5803500,1990,1990 - 1999,08,"Pfaueninsel (Havel, id: 5803500, fluss-km: 14.65)",29.291387096774194,29.24,29.37
5803500,1990,1990 - 1999,09,"Pfaueninsel (Havel, id: 5803500, fluss-km: 14.65)",29.3393,29.259500000000003,29.5
5803500,1990,1990 - 1999,10,"Pfaueninsel (Havel, id: 5803500, fluss-km: 14.65)",29.34490322580645,29.27,29.42
5803500,1990,1990 - 1999,11,"Pfaueninsel (Havel, id: 5803500, fluss-km: 14.65)",29.403466666666667,29.3,29.54
5803500,1990,1990 - 1999,12,"Pfaueninsel (Havel, id: 5803500, fluss-km: 14.65)",29.460064516129034,29.34,29.66
5803500,2000,2000 - 2009,01,"Pfaueninsel (Havel, id: 5803500, fluss-km: 14.65)",29.433709677419355,29.32,29.681
5803500,2000,2000 - 2009,02,"Pfaueninsel (Havel, id: 5803500, fluss-km: 14.65)",29.481201413427563,29.35,29.629
5803500,2000,2000 - 2009,03,"Pfaueninsel (Havel, id: 5803500, fluss-km: 14.65)",29.495612903225805,29.32,29.72
5803500,2000,2000 - 2009,04,"Pfaueninsel (Havel, id: 5803500, fluss-km: 14.65)",29.4295,29.2895,29.69
5803500,2000,2000 - 2009,05,"Pfaueninsel (Havel, id: 5803500, fluss-km: 14.65)",29.32758064516129,29.27,29.41
5803500,2000,2000 - 2009,06,"Pfaueninsel (Havel, id: 5803500, fluss-km: 14.65)",29.30623333333333,29.25,29.3605
5803500,2000,2000 - 2009,07,"Pfaueninsel (Havel, id: 5803500, fluss-km: 14.65)",29.308806451612902,29.25,29.39
5803500,2000,2000 - 2009,08,"Pfaueninsel (Havel, id: 5803500, fluss-km: 14.65)",29.31458064516129,29.25,29.42
5803500,2000,2000 - 2009,09,"Pfaueninsel (Havel, id: 5803500, fluss-km: 14.65)",29.315466666666666,29.26,29.4
5803500,2000,2000 - 2009,10,"Pfaueninsel (Havel, id: 5803500, fluss-km: 14.65)",29.333612903225806,29.27,29.44
5803500,2000,2000 - 2009,11,"Pfaueninsel (Havel, id: 5803500, fluss-km: 14.65)",29.370633333333334,29.2895,29.53
5803500,2000,2000 - 2009,12,"Pfaueninsel (Havel, id: 5803500, fluss-km: 14.65)",29.374387096774193,29.2845,29.48
5803500,2010,2010 - 2019,01,"Pfaueninsel (Havel, id: 5803500, fluss-km: 14.65)",29.575903225806453,29.34,30.201
5803500,2010,2010 - 2019,02,"Pfaueninsel (Havel, id: 5803500, fluss-km: 14.65)",29.565921985815603,29.3605,30.1285
5803500,2010,2010 - 2019,03,"Pfaueninsel (Havel, id: 5803500, fluss-km: 14.65)",29.503225806451614,29.33,29.701
5803500,2010,2010 - 2019,04,"Pfaueninsel (Havel, id: 5803500, fluss-km: 14.65)",29.421633333333332,29.32,29.56
5803500,2010,2010 - 2019,05,"Pfaueninsel (Havel, id: 5803500, fluss-km: 14.65)",29.34083870967742,29.2645,29.47
5803500,2010,2010 - 2019,06,"Pfaueninsel (Havel, id: 5803500, fluss-km: 14.65)",29.337333333333333,29.25,29.62
5803500,2010,2010 - 2019,07,"Pfaueninsel (Havel, id: 5803500, fluss-km: 14.65)",29.343548387096774,29.23,29.621
5803500,2010,2010 - 2019,08,"Pfaueninsel (Havel, id: 5803500, fluss-km: 14.65)",29.358516129032257,29.25,29.6965
5803500,2010,2010 - 2019,09,"Pfaueninsel (Havel, id: 5803500, fluss-km: 14.65)",29.335233333333335,29.26,29.4605
5803500,2010,2010 - 2019,10,"Pfaueninsel (Havel, id: 5803500, fluss-km: 14.65)",29.375290322580646,29.27,29.51
5803500,2010,2010 - 2019,11,"Pfaueninsel (Havel, id: 5803500, fluss-km: 14.65)",29.418166666666668,29.29,29.631999999999998
5803500,2010,2010 - 2019,12,"Pfaueninsel (Havel, id: 5803500, fluss-km: 14.65)",29.493,29.32,29.8455
5803500,2020,2020 - 2029,01,"Pfaueninsel (Havel, id: 5803500, fluss-km: 14.65)",29.446322580645163,29.36,29.659
5803500,2020,2020 - 2029,02,"Pfaueninsel (Havel, id: 5803500, fluss-km: 14.65)",29.51598591549296,29.380499999999998,29.8
5803500,2020,2020 - 2029,03,"Pfaueninsel (Havel, id: 5803500, fluss-km: 14.65)",29.417161290322582,29.31,29.523
5803500,2020,2020 - 2029,04,"Pfaueninsel (Havel, id: 5803500, fluss-km: 14.65)",29.366299212598424,29.293,29.483999999999998
5803500,2020,2020 - 2029,05,"Pfaueninsel (Havel, id: 5803500, fluss-km: 14.65)",29.331774193548387,29.29,29.39
5803500,2020,2020 - 2029,06,"Pfaueninsel (Havel, id: 5803500, fluss-km: 14.65)",29.310416666666665,29.27,29.4105
5803500,2020,2020 - 2029,07,"Pfaueninsel (Havel, id: 5803500, fluss-km: 14.65)",29.330806451612904,29.3,29.39
5803500,2020,2020 - 2029,08,"Pfaueninsel (Havel, id: 5803500, fluss-km: 14.65)",29.3183064516129,29.26,29.37
5803500,2020,2020 - 2029,09,"Pfaueninsel (Havel, id: 5803500, fluss-km: 14.65)",29.325916666666668,29.28,29.37
5803500,2020,2020 - 2029,10,"Pfaueninsel (Havel, id: 5803500, fluss-km: 14.65)",29.336370967741935,29.3,29.39
5803500,2020,2020 - 2029,11,"Pfaueninsel (Havel, id: 5803500, fluss-km: 14.65)",29.362083333333334,29.3,29.46
5803500,2020,2020 - 2029,12,"Pfaueninsel (Havel, id: 5803500, fluss-km: 14.65)",29.391209677419354,29.3,29.704
5815911,2000,2000 - 2009,01,"Tegelort (Havel, id: 5815911, fluss-km: 4.95)",31.495622119815668,31.458000000000002,31.53
5815911,2000,2000 - 2009,02,"Tegelort (Havel, id: 5815911, fluss-km: 4.95)",31.482929292929292,31.41,31.52
5815911,2000,2000 - 2009,03,"Tegelort (Havel, id: 5815911, fluss-km: 4.95)",31.47672811059908,31.407999999999998,31.52
5815911,2000,2000 - 2009,04,"Tegelort (Havel, id: 5815911, fluss-km: 4.95)",31.392142857142858,31.3145,31.49
5815911,2000,2000 - 2009,05,"Tegelort (Havel, id: 5815911, fluss-km: 4.95)",31.304055299539172,31.27,31.330000000000002
5815911,2000,2000 - 2009,06,"Tegelort (Havel, id: 5815911, fluss-km: 4.95)",31.292190476190477,31.2,31.330000000000002
5815911,2000,2000 - 2009,07,"Tegelort (Havel, id: 5815911, fluss-km: 4.95)",31.279815668202765,31.14,31.34
5815911,2000,2000 - 2009,08,"Tegelort (Havel, id: 5815911, fluss-km: 4.95)",31.240967741935485,30.98,31.32
5815911,2000,2000 - 2009,09,"Tegelort (Havel, id: 5815911, fluss-km: 4.95)",31.267619047619046,31.078,31.34
5815911,2000,2000 - 2009,10,"Tegelort (Havel, id: 5815911, fluss-km: 4.95)",31.394976958525344,31.28,31.5
5815911,2000,2000 - 2009,11,"Tegelort (Havel, id: 5815911, fluss-km: 4.95)",31.483238095238097,31.39,31.51
5815911,2000,2000 - 2009,12,"Tegelort (Havel, id: 5815911, fluss-km: 4.95)",31.496497695852536,31.47,31.52
5815911,2010,2010 - 2019,01,"Tegelort (Havel, id: 5815911, fluss-km: 4.95)",31.496290322580645,31.48,31.52
5815911,2010,2010 - 2019,02,"Tegelort (Havel, id: 5815911, fluss-km: 4.95)",31.496489361702128,31.48,31.52
5815911,2010,2010 - 2019,03,"Tegelort (Havel, id: 5815911, fluss-km: 4.95)",31.49067741935484,31.46,31.5155
5815911,2010,2010 - 2019,04,"Tegelort (Havel, id: 5815911, fluss-km: 4.95)",31.39966666666667,31.330000000000002,31.45
5815911,2010,2010 - 2019,05,"Tegelort (Havel, id: 5815911, fluss-km: 4.95)",31.32583870967742,31.3,31.35
5815911,2010,2010 - 2019,06,"Tegelort (Havel, id: 5815911, fluss-km: 4.95)",31.308966666666667,31.25,31.35
5815911,2010,2010 - 2019,07,"Tegelort (Havel, id: 5815911, fluss-km: 4.95)",31.280225806451615,31.13,31.35
5815911,2010,2010 - 2019,08,"Tegelort (Havel, id: 5815911, fluss-km: 4.95)",31.2642071197411,31.1,31.35
5815911,2010,2010 - 2019,09,"Tegelort (Havel, id: 5815911, fluss-km: 4.95)",31.255733333333335,31.05,31.34
5815911,2010,2010 - 2019,10,"Tegelort (Havel, id: 5815911, fluss-km: 4.95)",31.404612903225807,31.2145,31.51
5815911,2010,2010 - 2019,11,"Tegelort (Havel, id: 5815911, fluss-km: 4.95)",31.479433333333333,31.3795,31.51
5815911,2010,2010 - 2019,12,"Tegelort (Havel, id: 5815911, fluss-km: 4.95)",31.492129032258063,31.46,31.51
5815911,2020,2020 - 2029,01,"Tegelort (Havel, id: 5815911, fluss-km: 4.95)",31.491225806451613,31.47,31.51
5815911,2020,2020 - 2029,02,"Tegelort (Havel, id: 5815911, fluss-km: 4.95)",31.490352112676057,31.47,31.51
5815911,2020,2020 - 2029,03,"Tegelort (Havel, id: 5815911, fluss-km: 4.95)",31.489677419354837,31.47,31.51
5815911,2020,2020 - 2029,04,"Tegelort (Havel, id: 5815911, fluss-km: 4.95)",31.49283464566929,31.46,31.51
5815911,2020,2020 - 2029,05,"Tegelort (Havel, id: 5815911, fluss-km: 4.95)",31.483306451612904,31.41,31.5185
5815911,2020,2020 - 2029,06,"Tegelort (Havel, id: 5815911, fluss-km: 4.95)",31.375083333333333,31.28,31.48
5815911,2020,2020 - 2029,07,"Tegelort (Havel, id: 5815911, fluss-km: 4.95)",31.31935483870968,31.1215,31.5085
5815911,2020,2020 - 2029,08,"Tegelort (Havel, id: 5815911, fluss-km: 4.95)",31.24290322580645,31,31.45
5815911,2020,2020 - 2029,09,"Tegelort (Havel, id: 5815911, fluss-km: 4.95)",31.26875,31.080000000000002,31.49
5815911,2020,2020 - 2029,10,"Tegelort (Havel, id: 5815911, fluss-km: 4.95)",31.34,31.21,31.48
5815911,2020,2020 - 2029,11,"Tegelort (Havel, id: 5815911, fluss-km: 4.95)",31.447,31.31,31.5
5815911,2020,2020 - 2029,12,"Tegelort (Havel, id: 5815911, fluss-km: 4.95)",31.47943548387097,31.43,31.5
5819900,1960,1960 - 1969,01,"Am Freibad (Tegeler Fließ, id: 5819900, fluss-km: 6.90)",33.10911290322581,32.949999999999996,33.32
5819900,1960,1960 - 1969,02,"Am Freibad (Tegeler Fließ, id: 5819900, fluss-km: 6.90)",33.16154867256637,32.959999999999994,33.41
5819900,1960,1960 - 1969,03,"Am Freibad (Tegeler Fließ, id: 5819900, fluss-km: 6.90)",33.10737903225806,32.9,33.30649999999999
5819900,1960,1960 - 1969,04,"Am Freibad (Tegeler Fließ, id: 5819900, fluss-km: 6.90)",33.07241666666666,32.94,33.22
5819900,1960,1960 - 1969,05,"Am Freibad (Tegeler Fließ, id: 5819900, fluss-km: 6.90)",32.98629032258064,32.87,33.193
5819900,1960,1960 - 1969,06,"Am Freibad (Tegeler Fließ, id: 5819900, fluss-km: 6.90)",32.89391666666666,32.76,33.1105
5819900,1960,1960 - 1969,07,"Am Freibad (Tegeler Fließ, id: 5819900, fluss-km: 6.90)",32.8895564516129,32.75,33.08
5819900,1960,1960 - 1969,08,"Am Freibad (Tegeler Fließ, id: 5819900, fluss-km: 6.90)",32.849919354838704,32.73,33
5819900,1960,1960 - 1969,09,"Am Freibad (Tegeler Fließ, id: 5819900, fluss-km: 6.90)",32.919,32.779999999999994,33.0705
5819900,1960,1960 - 1969,10,"Am Freibad (Tegeler Fließ, id: 5819900, fluss-km: 6.90)",32.93225806451613,32.86,33.059999999999995
5819900,1960,1960 - 1969,11,"Am Freibad (Tegeler Fließ, id: 5819900, fluss-km: 6.90)",32.999111111111105,32.87,33.15
5819900,1960,1960 - 1969,12,"Am Freibad (Tegeler Fließ, id: 5819900, fluss-km: 6.90)",33.068781362007165,32.94,33.3
5819900,1970,1970 - 1979,01,"Am Freibad (Tegeler Fließ, id: 5819900, fluss-km: 6.90)",33.194935483870964,33.05,33.4655
5819900,1970,1970 - 1979,02,"Am Freibad (Tegeler Fließ, id: 5819900, fluss-km: 6.90)",33.19095744680851,33.08,33.34949999999999
5819900,1970,1970 - 1979,03,"Am Freibad (Tegeler Fließ, id: 5819900, fluss-km: 6.90)",33.21832258064516,33.04,33.6065
5819900,1970,1970 - 1979,04,"Am Freibad (Tegeler Fließ, id: 5819900, fluss-km: 6.90)",33.16043333333333,33.009499999999996,33.4005
5819900,1970,1970 - 1979,05,"Am Freibad (Tegeler Fließ, id: 5819900, fluss-km: 6.90)",33.087774193548384,32.989999999999995,33.2355
5819900,1970,1970 - 1979,06,"Am Freibad (Tegeler Fließ, id: 5819900, fluss-km: 6.90)",33.037699999999994,32.91,33.241499999999995
5819900,1970,1970 - 1979,07,"Am Freibad (Tegeler Fließ, id: 5819900, fluss-km: 6.90)",32.99935483870968,32.8745,33.125499999999995
5819900,1970,1970 - 1979,08,"Am Freibad (Tegeler Fließ, id: 5819900, fluss-km: 6.90)",32.97806451612903,32.809999999999995,33.1455
5819900,1970,1970 - 1979,09,"Am Freibad (Tegeler Fließ, id: 5819900, fluss-km: 6.90)",33.006899999999995,32.839999999999996,33.251
5819900,1970,1970 - 1979,10,"Am Freibad (Tegeler Fließ, id: 5819900, fluss-km: 6.90)",33.07416129032258,32.97,33.2855
5819900,1970,1970 - 1979,11,"Am Freibad (Tegeler Fließ, id: 5819900, fluss-km: 6.90)",33.1278,32.989999999999995,33.26
5819900,1970,1970 - 1979,12,"Am Freibad (Tegeler Fließ, id: 5819900, fluss-km: 6.90)",33.179096774193546,33.0445,33.44
5819900,1980,1980 - 1989,01,"Am Freibad (Tegeler Fließ, id: 5819900, fluss-km: 6.90)",33.253516129032256,33.08,33.459999999999994
5819900,1980,1980 - 1989,02,"Am Freibad (Tegeler Fließ, id: 5819900, fluss-km: 6.90)",33.252438162544166,33.07,33.449999999999996
5819900,1980,1980 - 1989,03,"Am Freibad (Tegeler Fließ, id: 5819900, fluss-km: 6.90)",33.26448387096774,33.0845,33.515499999999996
5819900,1980,1980 - 1989,04,"Am Freibad (Tegeler Fließ, id: 5819900, fluss-km: 6.90)",33.213899999999995,33.059999999999995,33.36
5819900,1980,1980 - 1989,05,"Am Freibad (Tegeler Fließ, id: 5819900, fluss-km: 6.90)",33.12545161290322,32.989999999999995,33.279999999999994
5819900,1980,1980 - 1989,06,"Am Freibad (Tegeler Fließ, id: 5819900, fluss-km: 6.90)",33.097699999999996,32.91949999999999,33.32
5819900,1980,1980 - 1989,07,"Am Freibad (Tegeler Fließ, id: 5819900, fluss-km: 6.90)",33.05025806451613,32.919999999999995,33.2955
5819900,1980,1980 - 1989,08,"Am Freibad (Tegeler Fließ, id: 5819900, fluss-km: 6.90)",33.016774193548386,32.919999999999995,33.169999999999995
5819900,1980,1980 - 1989,09,"Am Freibad (Tegeler Fließ, id: 5819900, fluss-km: 6.90)",33.0293,32.919999999999995,33.1805
5819900,1980,1980 - 1989,10,"Am Freibad (Tegeler Fließ, id: 5819900, fluss-km: 6.90)",33.07103225806451,32.949999999999996,33.23
5819900,1980,1980 - 1989,11,"Am Freibad (Tegeler Fließ, id: 5819900, fluss-km: 6.90)",33.1397,33,33.321
5819900,1980,1980 - 1989,12,"Am Freibad (Tegeler Fließ, id: 5819900, fluss-km: 6.90)",33.181870967741936,33.04,33.3455
5819900,1990,1990 - 1999,01,"Am Freibad (Tegeler Fließ, id: 5819900, fluss-km: 6.90)",33.08158064516129,32.959999999999994,33.2455
5819900,1990,1990 - 1999,02,"Am Freibad (Tegeler Fließ, id: 5819900, fluss-km: 6.90)",33.11124113475177,32.989999999999995,33.269999999999996
5819900,1990,1990 - 1999,03,"Am Freibad (Tegeler Fließ, id: 5819900, fluss-km: 6.90)",33.1286129032258,33.029999999999994,33.3
5819900,1990,1990 - 1999,04,"Am Freibad (Tegeler Fließ, id: 5819900, fluss-km: 6.90)",33.085633333333334,33.01,33.269999999999996
5819900,1990,1990 - 1999,05,"Am Freibad (Tegeler Fließ, id: 5819900, fluss-km: 6.90)",33.034129032258065,32.94,33.1855
5819900,1990,1990 - 1999,06,"Am Freibad (Tegeler Fließ, id: 5819900, fluss-km: 6.90)",33.021966666666664,32.9,33.241499999999995
5819900,1990,1990 - 1999,07,"Am Freibad (Tegeler Fließ, id: 5819900, fluss-km: 6.90)",32.96558064516129,32.89,33.04
5819900,1990,1990 - 1999,08,"Am Freibad (Tegeler Fließ, id: 5819900, fluss-km: 6.90)",32.933129032258066,32.89,33.015499999999996
5819900,1990,1990 - 1999,09,"Am Freibad (Tegeler Fließ, id: 5819900, fluss-km: 6.90)",32.96536666666666,32.91,33.07
5819900,1990,1990 - 1999,10,"Am Freibad (Tegeler Fließ, id: 5819900, fluss-km: 6.90)",32.98177419354838,32.919999999999995,33.059999999999995
5819900,1990,1990 - 1999,11,"Am Freibad (Tegeler Fließ, id: 5819900, fluss-km: 6.90)",33.027833333333334,32.959999999999994,33.129999999999995
5819900,1990,1990 - 1999,12,"Am Freibad (Tegeler Fließ, id: 5819900, fluss-km: 6.90)",33.07803225806451,33,33.19
5819900,2000,2000 - 2009,01,"Am Freibad (Tegeler Fließ, id: 5819900, fluss-km: 6.90)",33.12758064516129,33,33.33
5819900,2000,2000 - 2009,02,"Am Freibad (Tegeler Fließ, id: 5819900, fluss-km: 6.90)",33.17208480565371,33.029999999999994,33.339
5819900,2000,2000 - 2009,03,"Am Freibad (Tegeler Fließ, id: 5819900, fluss-km: 6.90)",33.180516129032256,33.05,33.379999999999995
5819900,2000,2000 - 2009,04,"Am Freibad (Tegeler Fließ, id: 5819900, fluss-km: 6.90)",33.10243333333333,32.989999999999995,33.35049999999999
5819900,2000,2000 - 2009,05,"Am Freibad (Tegeler Fließ, id: 5819900, fluss-km: 6.90)",33.05712903225806,32.949999999999996,33.239999999999995
5819900,2000,2000 - 2009,06,"Am Freibad (Tegeler Fließ, id: 5819900, fluss-km: 6.90)",33.00303333333333,32.93,33.239999999999995
5819900,2000,2000 - 2009,07,"Am Freibad (Tegeler Fließ, id: 5819900, fluss-km: 6.90)",32.99312903225806,32.91,33.195499999999996
5819900,2000,2000 - 2009,08,"Am Freibad (Tegeler Fließ, id: 5819900, fluss-km: 6.90)",32.99470967741935,32.89,33.2355
5819900,2000,2000 - 2009,09,"Am Freibad (Tegeler Fließ, id: 5819900, fluss-km: 6.90)",32.98083333333333,32.89,33.12
5819900,2000,2000 - 2009,10,"Am Freibad (Tegeler Fließ, id: 5819900, fluss-km: 6.90)",33.028451612903226,32.93,33.23
5819900,2000,2000 - 2009,11,"Am Freibad (Tegeler Fließ, id: 5819900, fluss-km: 6.90)",33.1061,32.989999999999995,33.29
5819900,2000,2000 - 2009,12,"Am Freibad (Tegeler Fließ, id: 5819900, fluss-km: 6.90)",33.09570967741935,32.97,33.23
5819900,2010,2010 - 2019,01,"Am Freibad (Tegeler Fließ, id: 5819900, fluss-km: 6.90)",33.25622580645161,33.099999999999994,33.44
5819900,2010,2010 - 2019,02,"Am Freibad (Tegeler Fließ, id: 5819900, fluss-km: 6.90)",33.23815602836879,33.129999999999995,33.43
5819900,2010,2010 - 2019,03,"Am Freibad (Tegeler Fließ, id: 5819900, fluss-km: 6.90)",33.20751612903226,33.099999999999994,33.29
5819900,2010,2010 - 2019,04,"Am Freibad (Tegeler Fließ, id: 5819900, fluss-km: 6.90)",33.159166666666664,33.029999999999994,33.279999999999994
5819900,2010,2010 - 2019,05,"Am Freibad (Tegeler Fließ, id: 5819900, fluss-km: 6.90)",33.095677419354836,32.959999999999994,33.239999999999995
5819900,2010,2010 - 2019,06,"Am Freibad (Tegeler Fließ, id: 5819900, fluss-km: 6.90)",33.06346666666666,32.9,33.23
5819900,2010,2010 - 2019,07,"Am Freibad (Tegeler Fließ, id: 5819900, fluss-km: 6.90)",33.085580645161286,32.89,33.4955
5819900,2010,2010 - 2019,08,"Am Freibad (Tegeler Fließ, id: 5819900, fluss-km: 6.90)",33.09896774193548,32.9,33.4755
5819900,2010,2010 - 2019,09,"Am Freibad (Tegeler Fließ, id: 5819900, fluss-km: 6.90)",33.06636666666667,32.93,33.279999999999994
5819900,2010,2010 - 2019,10,"Am Freibad (Tegeler Fließ, id: 5819900, fluss-km: 6.90)",33.13219354838709,32.9945,33.400999999999996
5819900,2010,2010 - 2019,11,"Am Freibad (Tegeler Fließ, id: 5819900, fluss-km: 6.90)",33.20203333333333,33.05,33.48
5819900,2010,2010 - 2019,12,"Am Freibad (Tegeler Fließ, id: 5819900, fluss-km: 6.90)",33.2446129032258,33.12,33.47
5819900,2020,2020 - 2029,01,"Am Freibad (Tegeler Fließ, id: 5819900, fluss-km: 6.90)",33.25632258064516,33.16,33.405
5819900,2020,2020 - 2029,02,"Am Freibad (Tegeler Fließ, id: 5819900, fluss-km: 6.90)",33.28415492957746,33.169999999999995,33.4695
5819900,2020,2020 - 2029,03,"Am Freibad (Tegeler Fließ, id: 5819900, fluss-km: 6.90)",33.24477419354839,33.18,33.33
5819900,2020,2020 - 2029,04,"Am Freibad (Tegeler Fließ, id: 5819900, fluss-km: 6.90)",33.20377952755905,33.163,33.257
5819900,2020,2020 - 2029,05,"Am Freibad (Tegeler Fließ, id: 5819900, fluss-km: 6.90)",33.151774193548384,33.07,33.268499999999996
5819900,2020,2020 - 2029,06,"Am Freibad (Tegeler Fließ, id: 5819900, fluss-km: 6.90)",33.090666666666664,33.0495,33.1505
5819900,2020,2020 - 2029,07,"Am Freibad (Tegeler Fließ, id: 5819900, fluss-km: 6.90)",33.06935483870967,32.839999999999996,33.239999999999995
5819900,2020,2020 - 2029,08,"Am Freibad (Tegeler Fließ, id: 5819900, fluss-km: 6.90)",33.009435483870966,32.779999999999994,33.14
5819900,2020,2020 - 2029,09,"Am Freibad (Tegeler Fließ, id: 5819900, fluss-km: 6.90)",33.037749999999996,32.779999999999994,33.14
5819900,2020,2020 - 2029,10,"Am Freibad (Tegeler Fließ, id: 5819900, fluss-km: 6.90)",33.12387096774193,32.98,33.199999999999996
5819900,2020,2020 - 2029,11,"Am Freibad (Tegeler Fließ, id: 5819900, fluss-km: 6.90)",33.17675,33.059999999999995,33.260999999999996
5819900,2020,2020 - 2029,12,"Am Freibad (Tegeler Fließ, id: 5819900, fluss-km: 6.90)",33.23209677419354,33.11,33.516999999999996
5819901,2000,2000 - 2009,01,"Lübars (Tegeler Fließ, id: 5819901, fluss-km: 7.50)",33.373548387096776,33.345,33.405
5819901,2000,2000 - 2009,02,"Lübars (Tegeler Fließ, id: 5819901, fluss-km: 7.50)",33.370714285714286,33.34,33.4465
5819901,2000,2000 - 2009,03,"Lübars (Tegeler Fließ, id: 5819901, fluss-km: 7.50)",33.40709677419355,33.38,33.43
5819901,2000,2000 - 2009,04,"Lübars (Tegeler Fließ, id: 5819901, fluss-km: 7.50)",33.31333333333334,33.290000000000006,33.3455
5819901,2000,2000 - 2009,05,"Lübars (Tegeler Fließ, id: 5819901, fluss-km: 7.50)",33.29806451612904,33.28,33.32
5819901,2000,2000 - 2009,06,"Lübars (Tegeler Fließ, id: 5819901, fluss-km: 7.50)",33.30566666666667,33.290000000000006,33.32
5819901,2000,2000 - 2009,07,"Lübars (Tegeler Fließ, id: 5819901, fluss-km: 7.50)",33.31451612903226,33.285000000000004,33.35
5819901,2000,2000 - 2009,08,"Lübars (Tegeler Fließ, id: 5819901, fluss-km: 7.50)",33.27193548387097,33.260000000000005,33.28
5819901,2000,2000 - 2009,09,"Lübars (Tegeler Fließ, id: 5819901, fluss-km: 7.50)",33.31,33.300000000000004,33.3355
5819901,2000,2000 - 2009,10,"Lübars (Tegeler Fließ, id: 5819901, fluss-km: 7.50)",33.280967741935484,33.255,33.330000000000005
5819901,2000,2000 - 2009,11,"Lübars (Tegeler Fließ, id: 5819901, fluss-km: 7.50)",33.36516666666667,33.3295,33.400000000000006
5819901,2000,2000 - 2009,12,"Lübars (Tegeler Fließ, id: 5819901, fluss-km: 7.50)",33.42306451612904,33.370000000000005,33.5
5819901,2010,2010 - 2019,01,"Lübars (Tegeler Fließ, id: 5819901, fluss-km: 7.50)",33.566967741935485,33.374500000000005,33.74
5819901,2010,2010 - 2019,02,"Lübars (Tegeler Fließ, id: 5819901, fluss-km: 7.50)",33.55049645390071,33.37050000000001,33.730000000000004
5819901,2010,2010 - 2019,03,"Lübars (Tegeler Fließ, id: 5819901, fluss-km: 7.50)",33.51561290322581,33.410000000000004,33.63
5819901,2010,2010 - 2019,04,"Lübars (Tegeler Fließ, id: 5819901, fluss-km: 7.50)",33.4517,33.290000000000006,33.61000000000001
5819901,2010,2010 - 2019,05,"Lübars (Tegeler Fließ, id: 5819901, fluss-km: 7.50)",33.412290322580645,33.28,33.550000000000004
5819901,2010,2010 - 2019,06,"Lübars (Tegeler Fließ, id: 5819901, fluss-km: 7.50)",33.45136666666667,33.2795,33.660500000000006
5819901,2010,2010 - 2019,07,"Lübars (Tegeler Fließ, id: 5819901, fluss-km: 7.50)",33.50251612903226,33.21,33.8055
5819901,2010,2010 - 2019,08,"Lübars (Tegeler Fließ, id: 5819901, fluss-km: 7.50)",33.44625806451613,33.11000000000001,33.800000000000004
5819901,2010,2010 - 2019,09,"Lübars (Tegeler Fließ, id: 5819901, fluss-km: 7.50)",33.406933333333335,33.120000000000005,33.730000000000004
5819901,2010,2010 - 2019,10,"Lübars (Tegeler Fließ, id: 5819901, fluss-km: 7.50)",33.425387096774195,33.24,33.68
5819901,2010,2010 - 2019,11,"Lübars (Tegeler Fließ, id: 5819901, fluss-km: 7.50)",33.478433333333335,33.28,33.690000000000005
5819901,2010,2010 - 2019,12,"Lübars (Tegeler Fließ, id: 5819901, fluss-km: 7.50)",33.532709677419355,33.330000000000005,33.720000000000006
5819901,2020,2020 - 2029,01,"Lübars (Tegeler Fließ, id: 5819901, fluss-km: 7.50)",33.57167741935484,33.410000000000004,33.720000000000006
5819901,2020,2020 - 2029,02,"Lübars (Tegeler Fließ, id: 5819901, fluss-km: 7.50)",33.60147887323944,33.46,33.74
5819901,2020,2020 - 2029,03,"Lübars (Tegeler Fließ, id: 5819901, fluss-km: 7.50)",34.63561290322581,33.447,33.690000000000005
5819901,2020,2020 - 2029,04,"Lübars (Tegeler Fließ, id: 5819901, fluss-km: 7.50)",33.48598425196851,33.34,33.64
5819901,2020,2020 - 2029,05,"Lübars (Tegeler Fließ, id: 5819901, fluss-km: 7.50)",33.41177419354839,33.28,33.53
5819901,2020,2020 - 2029,06,"Lübars (Tegeler Fließ, id: 5819901, fluss-km: 7.50)",33.42191666666667,33.31,33.6105
5819901,2020,2020 - 2029,07,"Lübars (Tegeler Fließ, id: 5819901, fluss-km: 7.50)",33.45983870967742,33.27,33.660000000000004
5819901,2020,2020 - 2029,08,"Lübars (Tegeler Fließ, id: 5819901, fluss-km: 7.50)",33.29685483870968,33.02,33.604000000000006
5819901,2020,2020 - 2029,09,"Lübars (Tegeler Fließ, id: 5819901, fluss-km: 7.50)",33.36208333333334,33.1895,33.5
5819901,2020,2020 - 2029,10,"Lübars (Tegeler Fließ, id: 5819901, fluss-km: 7.50)",33.41645161290323,33.32,33.548500000000004
5819901,2020,2020 - 2029,11,"Lübars (Tegeler Fließ, id: 5819901, fluss-km: 7.50)",33.47108333333334,33.359500000000004,33.620000000000005
5819901,2020,2020 - 2029,12,"Lübars (Tegeler Fließ, id: 5819901, fluss-km: 7.50)",33.52580645161291,33.35,33.760000000000005
5820000,1980,1980 - 1989,01,"St.-Joseph-Steg (Tegeler Fließ, id: 5820000, fluss-km: 1.20)",32.85235023041474,32.658,33.042
5820000,1980,1980 - 1989,02,"St.-Joseph-Steg (Tegeler Fließ, id: 5820000, fluss-km: 1.20)",32.84444444444444,32.64,33.12
5820000,1980,1980 - 1989,03,"St.-Joseph-Steg (Tegeler Fließ, id: 5820000, fluss-km: 1.20)",32.83414746543779,32.64,33.07
5820000,1980,1980 - 1989,04,"St.-Joseph-Steg (Tegeler Fließ, id: 5820000, fluss-km: 1.20)",32.78061904761905,32.589999999999996,32.93
5820000,1980,1980 - 1989,05,"St.-Joseph-Steg (Tegeler Fließ, id: 5820000, fluss-km: 1.20)",32.681981566820276,32.49,32.93
5820000,1980,1980 - 1989,06,"St.-Joseph-Steg (Tegeler Fließ, id: 5820000, fluss-km: 1.20)",32.745571428571424,32.48,33.03
5820000,1980,1980 - 1989,07,"St.-Joseph-Steg (Tegeler Fließ, id: 5820000, fluss-km: 1.20)",32.67626728110599,32.48,33
5820000,1980,1980 - 1989,08,"St.-Joseph-Steg (Tegeler Fließ, id: 5820000, fluss-km: 1.20)",32.66396313364055,32.47,32.842
5820000,1980,1980 - 1989,09,"St.-Joseph-Steg (Tegeler Fließ, id: 5820000, fluss-km: 1.20)",32.65757142857143,32.5045,32.8455
5820000,1980,1980 - 1989,10,"St.-Joseph-Steg (Tegeler Fließ, id: 5820000, fluss-km: 1.20)",32.6616129032258,32.51,32.809999999999995
5820000,1980,1980 - 1989,11,"St.-Joseph-Steg (Tegeler Fließ, id: 5820000, fluss-km: 1.20)",32.7085,32.559999999999995,32.88049999999999
5820000,1980,1980 - 1989,12,"St.-Joseph-Steg (Tegeler Fließ, id: 5820000, fluss-km: 1.20)",32.77096774193548,32.6435,32.93
5820000,1990,1990 - 1999,01,"St.-Joseph-Steg (Tegeler Fließ, id: 5820000, fluss-km: 1.20)",32.70032258064516,32.62,32.82
5820000,1990,1990 - 1999,02,"St.-Joseph-Steg (Tegeler Fließ, id: 5820000, fluss-km: 1.20)",32.728758865248224,32.629999999999995,32.919000000000004
5820000,1990,1990 - 1999,03,"St.-Joseph-Steg (Tegeler Fließ, id: 5820000, fluss-km: 1.20)",32.73177419354838,32.6,32.87
5820000,1990,1990 - 1999,04,"St.-Joseph-Steg (Tegeler Fließ, id: 5820000, fluss-km: 1.20)",32.6697,32.559999999999995,32.82
5820000,1990,1990 - 1999,05,"St.-Joseph-Steg (Tegeler Fließ, id: 5820000, fluss-km: 1.20)",32.61716129032258,32.51,32.76
5820000,1990,1990 - 1999,06,"St.-Joseph-Steg (Tegeler Fließ, id: 5820000, fluss-km: 1.20)",32.610933333333335,32.49,32.861
5820000,1990,1990 - 1999,07,"St.-Joseph-Steg (Tegeler Fließ, id: 5820000, fluss-km: 1.20)",32.55903225806451,32.47,32.68
5820000,1990,1990 - 1999,08,"St.-Joseph-Steg (Tegeler Fließ, id: 5820000, fluss-km: 1.20)",32.519999999999996,32.46,32.6055
5820000,1990,1990 - 1999,09,"St.-Joseph-Steg (Tegeler Fließ, id: 5820000, fluss-km: 1.20)",32.54653333333333,32.47,32.6605
5820000,1990,1990 - 1999,10,"St.-Joseph-Steg (Tegeler Fließ, id: 5820000, fluss-km: 1.20)",32.58496774193548,32.5,32.72
5820000,1990,1990 - 1999,11,"St.-Joseph-Steg (Tegeler Fließ, id: 5820000, fluss-km: 1.20)",32.61373333333333,32.53,32.7405
5820000,1990,1990 - 1999,12,"St.-Joseph-Steg (Tegeler Fließ, id: 5820000, fluss-km: 1.20)",32.677451612903226,32.57,32.7955
5820000,2000,2000 - 2009,01,"St.-Joseph-Steg (Tegeler Fließ, id: 5820000, fluss-km: 1.20)",32.68503225806452,32.58,32.85
5820000,2000,2000 - 2009,02,"St.-Joseph-Steg (Tegeler Fließ, id: 5820000, fluss-km: 1.20)",32.72268551236749,32.62,32.85
5820000,2000,2000 - 2009,03,"St.-Joseph-Steg (Tegeler Fließ, id: 5820000, fluss-km: 1.20)",32.72122580645161,32.589999999999996,32.86
5820000,2000,2000 - 2009,04,"St.-Joseph-Steg (Tegeler Fließ, id: 5820000, fluss-km: 1.20)",32.65783333333333,32.57,32.839999999999996
5820000,2000,2000 - 2009,05,"St.-Joseph-Steg (Tegeler Fließ, id: 5820000, fluss-km: 1.20)",32.62729032258064,32.54,32.75
5820000,2000,2000 - 2009,06,"St.-Joseph-Steg (Tegeler Fließ, id: 5820000, fluss-km: 1.20)",32.590466666666664,32.519999999999996,32.72
5820000,2000,2000 - 2009,07,"St.-Joseph-Steg (Tegeler Fließ, id: 5820000, fluss-km: 1.20)",32.58932258064516,32.519999999999996,32.71
5820000,2000,2000 - 2009,08,"St.-Joseph-Steg (Tegeler Fließ, id: 5820000, fluss-km: 1.20)",32.59783870967742,32.51,32.7555
5820000,2000,2000 - 2009,09,"St.-Joseph-Steg (Tegeler Fließ, id: 5820000, fluss-km: 1.20)",32.60516666666666,32.54,32.7505
5820000,2000,2000 - 2009,10,"St.-Joseph-Steg (Tegeler Fließ, id: 5820000, fluss-km: 1.20)",32.618870967741934,32.53,32.835499999999996
5820000,2000,2000 - 2009,11,"St.-Joseph-Steg (Tegeler Fließ, id: 5820000, fluss-km: 1.20)",32.657666666666664,32.53,32.8805
5820000,2000,2000 - 2009,12,"St.-Joseph-Steg (Tegeler Fließ, id: 5820000, fluss-km: 1.20)",32.66451612903226,32.559999999999995,32.78
5820000,2010,2010 - 2019,01,"St.-Joseph-Steg (Tegeler Fließ, id: 5820000, fluss-km: 1.20)",32.77164516129032,32.64,32.9255
5820000,2010,2010 - 2019,02,"St.-Joseph-Steg (Tegeler Fließ, id: 5820000, fluss-km: 1.20)",32.77797872340425,32.629999999999995,32.999
5820000,2010,2010 - 2019,03,"St.-Joseph-Steg (Tegeler Fließ, id: 5820000, fluss-km: 1.20)",32.760387096774195,32.6245,33.05
5820000,2010,2010 - 2019,04,"St.-Joseph-Steg (Tegeler Fließ, id: 5820000, fluss-km: 1.20)",32.66173333333333,32.589999999999996,32.769999999999996
5820000,2010,2010 - 2019,05,"St.-Joseph-Steg (Tegeler Fließ, id: 5820000, fluss-km: 1.20)",32.625129032258066,32.58,32.699999999999996
5820000,2010,2010 - 2019,06,"St.-Joseph-Steg (Tegeler Fließ, id: 5820000, fluss-km: 1.20)",32.62956666666666,32.589999999999996,32.7205
5820000,2010,2010 - 2019,07,"St.-Joseph-Steg (Tegeler Fließ, id: 5820000, fluss-km: 1.20)",32.66287096774193,32.58,32.9865
5820000,2010,2010 - 2019,08,"St.-Joseph-Steg (Tegeler Fließ, id: 5820000, fluss-km: 1.20)",32.6818064516129,32.589999999999996,32.9755
5820000,2010,2010 - 2019,09,"St.-Joseph-Steg (Tegeler Fließ, id: 5820000, fluss-km: 1.20)",32.63733333333333,32.58,32.72
5820000,2010,2010 - 2019,10,"St.-Joseph-Steg (Tegeler Fließ, id: 5820000, fluss-km: 1.20)",32.66809677419355,32.559999999999995,32.89
5820000,2010,2010 - 2019,11,"St.-Joseph-Steg (Tegeler Fließ, id: 5820000, fluss-km: 1.20)",32.72443333333333,32.559999999999995,32.97
5820000,2010,2010 - 2019,12,"St.-Joseph-Steg (Tegeler Fließ, id: 5820000, fluss-km: 1.20)",32.75141935483871,32.629999999999995,32.89
5820000,2020,2020 - 2029,01,"St.-Joseph-Steg (Tegeler Fließ, id: 5820000, fluss-km: 1.20)",32.80283870967742,32.62,32.93
5820000,2020,2020 - 2029,02,"St.-Joseph-Steg (Tegeler Fließ, id: 5820000, fluss-km: 1.20)",32.84007042253521,32.74,32.939499999999995
5820000,2020,2020 - 2029,03,"St.-Joseph-Steg (Tegeler Fließ, id: 5820000, fluss-km: 1.20)",32.78354838709677,32.64,32.87
5820000,2020,2020 - 2029,04,"St.-Joseph-Steg (Tegeler Fließ, id: 5820000, fluss-km: 1.20)",32.71685039370079,32.61,32.85
5820000,2020,2020 - 2029,05,"St.-Joseph-Steg (Tegeler Fließ, id: 5820000, fluss-km: 1.20)",32.64564516129032,32.589999999999996,32.757
5820000,2020,2020 - 2029,06,"St.-Joseph-Steg (Tegeler Fließ, id: 5820000, fluss-km: 1.20)",32.60358333333333,32.5395,32.684
5820000,2020,2020 - 2029,07,"St.-Joseph-Steg (Tegeler Fließ, id: 5820000, fluss-km: 1.20)",32.62758064516129,32.55,32.79
5820000,2020,2020 - 2029,08,"St.-Joseph-Steg (Tegeler Fließ, id: 5820000, fluss-km: 1.20)",32.60620967741935,32.55,32.762499999999996
5820000,2020,2020 - 2029,09,"St.-Joseph-Steg (Tegeler Fließ, id: 5820000, fluss-km: 1.20)",32.59741666666667,32.519999999999996,32.629999999999995
5820000,2020,2020 - 2029,10,"St.-Joseph-Steg (Tegeler Fließ, id: 5820000, fluss-km: 1.20)",32.64709677419355,32.58,32.75
5820000,2020,2020 - 2029,11,"St.-Joseph-Steg (Tegeler Fließ, id: 5820000, fluss-km: 1.20)",32.7665,32.689499999999995,32.879999999999995
5820000,2020,2020 - 2029,12,"St.-Joseph-Steg (Tegeler Fließ, id: 5820000, fluss-km: 1.20)",32.79024193548387,32.72,32.96
5826701,1990,1990 - 1999,11,"Neue Fahlenbergbrücke (Gosener Kanal, id: 5826701, fluss-km: 1.00)",32.381,32.35,32.405499999999996
5826701,1990,1990 - 1999,12,"Neue Fahlenbergbrücke (Gosener Kanal, id: 5826701, fluss-km: 1.00)",32.38064516129032,32.36,32.405
5826701,2000,2000 - 2009,01,"Neue Fahlenbergbrücke (Gosener Kanal, id: 5826701, fluss-km: 1.00)",32.397999999999996,32.36,32.44
5826701,2000,2000 - 2009,02,"Neue Fahlenbergbrücke (Gosener Kanal, id: 5826701, fluss-km: 1.00)",32.389505300353356,32.35,32.43
5826701,2000,2000 - 2009,03,"Neue Fahlenbergbrücke (Gosener Kanal, id: 5826701, fluss-km: 1.00)",32.3928064516129,32.36,32.43
5826701,2000,2000 - 2009,04,"Neue Fahlenbergbrücke (Gosener Kanal, id: 5826701, fluss-km: 1.00)",32.38236666666666,32.35,32.42
5826701,2000,2000 - 2009,05,"Neue Fahlenbergbrücke (Gosener Kanal, id: 5826701, fluss-km: 1.00)",32.378258064516125,32.35,32.42
5826701,2000,2000 - 2009,06,"Neue Fahlenbergbrücke (Gosener Kanal, id: 5826701, fluss-km: 1.00)",32.3737,32.339999999999996,32.41
5826701,2000,2000 - 2009,07,"Neue Fahlenbergbrücke (Gosener Kanal, id: 5826701, fluss-km: 1.00)",32.37867741935484,32.35,32.41
5826701,2000,2000 - 2009,08,"Neue Fahlenbergbrücke (Gosener Kanal, id: 5826701, fluss-km: 1.00)",32.382516129032254,32.35,32.41
5826701,2000,2000 - 2009,09,"Neue Fahlenbergbrücke (Gosener Kanal, id: 5826701, fluss-km: 1.00)",32.381433333333334,32.339999999999996,32.4105
5826701,2000,2000 - 2009,10,"Neue Fahlenbergbrücke (Gosener Kanal, id: 5826701, fluss-km: 1.00)",32.38396774193548,32.36,32.4155
5826701,2000,2000 - 2009,11,"Neue Fahlenbergbrücke (Gosener Kanal, id: 5826701, fluss-km: 1.00)",32.3884,32.35,32.43
5826701,2000,2000 - 2009,12,"Neue Fahlenbergbrücke (Gosener Kanal, id: 5826701, fluss-km: 1.00)",32.39045161290323,32.36,32.4255
5826701,2010,2010 - 2019,01,"Neue Fahlenbergbrücke (Gosener Kanal, id: 5826701, fluss-km: 1.00)",32.39251612903226,32.36,32.44
5826701,2010,2010 - 2019,02,"Neue Fahlenbergbrücke (Gosener Kanal, id: 5826701, fluss-km: 1.00)",32.38875886524823,32.36,32.439499999999995
5826701,2010,2010 - 2019,03,"Neue Fahlenbergbrücke (Gosener Kanal, id: 5826701, fluss-km: 1.00)",32.379999999999995,32.35,32.41
5826701,2010,2010 - 2019,04,"Neue Fahlenbergbrücke (Gosener Kanal, id: 5826701, fluss-km: 1.00)",32.37296666666666,32.35,32.4
5826701,2010,2010 - 2019,05,"Neue Fahlenbergbrücke (Gosener Kanal, id: 5826701, fluss-km: 1.00)",32.370774193548385,32.339999999999996,32.4
5826701,2010,2010 - 2019,06,"Neue Fahlenbergbrücke (Gosener Kanal, id: 5826701, fluss-km: 1.00)",32.3758,32.339499999999994,32.43
5826701,2010,2010 - 2019,07,"Neue Fahlenbergbrücke (Gosener Kanal, id: 5826701, fluss-km: 1.00)",32.37435483870968,32.33,32.41
5826701,2010,2010 - 2019,08,"Neue Fahlenbergbrücke (Gosener Kanal, id: 5826701, fluss-km: 1.00)",32.36387096774193,32.32,32.41
5826701,2010,2010 - 2019,09,"Neue Fahlenbergbrücke (Gosener Kanal, id: 5826701, fluss-km: 1.00)",32.37186666666666,32.339999999999996,32.4
5826701,2010,2010 - 2019,10,"Neue Fahlenbergbrücke (Gosener Kanal, id: 5826701, fluss-km: 1.00)",32.379290322580644,32.35,32.41
5826701,2010,2010 - 2019,11,"Neue Fahlenbergbrücke (Gosener Kanal, id: 5826701, fluss-km: 1.00)",32.3841,32.3595,32.41
5826701,2010,2010 - 2019,12,"Neue Fahlenbergbrücke (Gosener Kanal, id: 5826701, fluss-km: 1.00)",32.385129032258064,32.36,32.42
5826701,2020,2020 - 2029,01,"Neue Fahlenbergbrücke (Gosener Kanal, id: 5826701, fluss-km: 1.00)",32.36432258064516,32.33,32.39
5826701,2020,2020 - 2029,02,"Neue Fahlenbergbrücke (Gosener Kanal, id: 5826701, fluss-km: 1.00)",32.37119718309859,32.339999999999996,32.4
5826701,2020,2020 - 2029,03,"Neue Fahlenbergbrücke (Gosener Kanal, id: 5826701, fluss-km: 1.00)",32.364774193548385,32.339999999999996,32.39
5826701,2020,2020 - 2029,04,"Neue Fahlenbergbrücke (Gosener Kanal, id: 5826701, fluss-km: 1.00)",32.360078740157476,32.33,32.387
5826701,2020,2020 - 2029,05,"Neue Fahlenbergbrücke (Gosener Kanal, id: 5826701, fluss-km: 1.00)",32.3491129032258,32.3215,32.379999999999995
5826701,2020,2020 - 2029,06,"Neue Fahlenbergbrücke (Gosener Kanal, id: 5826701, fluss-km: 1.00)",32.325,32.29,32.36
5826701,2020,2020 - 2029,07,"Neue Fahlenbergbrücke (Gosener Kanal, id: 5826701, fluss-km: 1.00)",32.33,32.29,32.36
5826701,2020,2020 - 2029,08,"Neue Fahlenbergbrücke (Gosener Kanal, id: 5826701, fluss-km: 1.00)",32.324354838709674,32.29,32.376999999999995
5826701,2020,2020 - 2029,09,"Neue Fahlenbergbrücke (Gosener Kanal, id: 5826701, fluss-km: 1.00)",32.34166666666667,32.31,32.37
5826701,2020,2020 - 2029,10,"Neue Fahlenbergbrücke (Gosener Kanal, id: 5826701, fluss-km: 1.00)",32.354274193548385,32.33,32.379999999999995
5826701,2020,2020 - 2029,11,"Neue Fahlenbergbrücke (Gosener Kanal, id: 5826701, fluss-km: 1.00)",32.355583333333335,32.33,32.3805
5826701,2020,2020 - 2029,12,"Neue Fahlenbergbrücke (Gosener Kanal, id: 5826701, fluss-km: 1.00)",32.3575,32.339999999999996,32.379999999999995
5826702,1990,1990 - 1999,11,"Gosener Landstraße (Gosener Graben, id: 5826702, fluss-km: 1.00)",32.38366666666667,32.35,32.4055
5826702,1990,1990 - 1999,12,"Gosener Landstraße (Gosener Graben, id: 5826702, fluss-km: 1.00)",32.376451612903224,32.34,32.410000000000004
5826702,2000,2000 - 2009,01,"Gosener Landstraße (Gosener Graben, id: 5826702, fluss-km: 1.00)",32.39577419354839,32.36,32.4355
5826702,2000,2000 - 2009,02,"Gosener Landstraße (Gosener Graben, id: 5826702, fluss-km: 1.00)",32.384911660777384,32.35,32.42
5826702,2000,2000 - 2009,03,"Gosener Landstraße (Gosener Graben, id: 5826702, fluss-km: 1.00)",32.38674193548387,32.35,32.4255
5826702,2000,2000 - 2009,04,"Gosener Landstraße (Gosener Graben, id: 5826702, fluss-km: 1.00)",32.37453333333333,32.34,32.410500000000006
5826702,2000,2000 - 2009,05,"Gosener Landstraße (Gosener Graben, id: 5826702, fluss-km: 1.00)",32.37222580645162,32.34,32.410000000000004
5826702,2000,2000 - 2009,06,"Gosener Landstraße (Gosener Graben, id: 5826702, fluss-km: 1.00)",32.36963333333333,32.34,32.4
5826702,2000,2000 - 2009,07,"Gosener Landstraße (Gosener Graben, id: 5826702, fluss-km: 1.00)",32.370387096774195,32.34,32.4
5826702,2000,2000 - 2009,08,"Gosener Landstraße (Gosener Graben, id: 5826702, fluss-km: 1.00)",32.37274193548387,32.34,32.410000000000004
5826702,2000,2000 - 2009,09,"Gosener Landstraße (Gosener Graben, id: 5826702, fluss-km: 1.00)",32.374700000000004,32.34,32.410000000000004
5826702,2000,2000 - 2009,10,"Gosener Landstraße (Gosener Graben, id: 5826702, fluss-km: 1.00)",32.381129032258066,32.35,32.42
5826702,2000,2000 - 2009,11,"Gosener Landstraße (Gosener Graben, id: 5826702, fluss-km: 1.00)",32.38456666666667,32.35,32.42
5826702,2000,2000 - 2009,12,"Gosener Landstraße (Gosener Graben, id: 5826702, fluss-km: 1.00)",32.38874193548387,32.36,32.42
5826702,2010,2010 - 2019,01,"Gosener Landstraße (Gosener Graben, id: 5826702, fluss-km: 1.00)",32.38193548387097,32.34,32.43
5826702,2010,2010 - 2019,02,"Gosener Landstraße (Gosener Graben, id: 5826702, fluss-km: 1.00)",32.37620567375887,32.340500000000006,32.429500000000004
5826702,2010,2010 - 2019,03,"Gosener Landstraße (Gosener Graben, id: 5826702, fluss-km: 1.00)",32.370000000000005,32.34,32.4
5826702,2010,2010 - 2019,04,"Gosener Landstraße (Gosener Graben, id: 5826702, fluss-km: 1.00)",32.36476666666667,32.34,32.39
5826702,2010,2010 - 2019,05,"Gosener Landstraße (Gosener Graben, id: 5826702, fluss-km: 1.00)",32.361322580645165,32.33,32.39
5826702,2010,2010 - 2019,06,"Gosener Landstraße (Gosener Graben, id: 5826702, fluss-km: 1.00)",32.36643333333333,32.33,32.4
5826702,2010,2010 - 2019,07,"Gosener Landstraße (Gosener Graben, id: 5826702, fluss-km: 1.00)",32.36883870967742,32.34,32.4055
5826702,2010,2010 - 2019,08,"Gosener Landstraße (Gosener Graben, id: 5826702, fluss-km: 1.00)",32.35861290322581,32.32,32.4
5826702,2010,2010 - 2019,09,"Gosener Landstraße (Gosener Graben, id: 5826702, fluss-km: 1.00)",32.36486666666667,32.32,32.39
5826702,2010,2010 - 2019,10,"Gosener Landstraße (Gosener Graben, id: 5826702, fluss-km: 1.00)",32.37112903225807,32.34,32.4
5826702,2010,2010 - 2019,11,"Gosener Landstraße (Gosener Graben, id: 5826702, fluss-km: 1.00)",32.37253333333334,32.34,32.4
5826702,2010,2010 - 2019,12,"Gosener Landstraße (Gosener Graben, id: 5826702, fluss-km: 1.00)",32.375290322580646,32.35,32.4
5826702,2020,2020 - 2029,01,"Gosener Landstraße (Gosener Graben, id: 5826702, fluss-km: 1.00)",32.36064516129032,32.33,32.39
5826702,2020,2020 - 2029,02,"Gosener Landstraße (Gosener Graben, id: 5826702, fluss-km: 1.00)",32.36739436619718,32.34,32.4
5826702,2020,2020 - 2029,03,"Gosener Landstraße (Gosener Graben, id: 5826702, fluss-km: 1.00)",32.36303225806452,32.33,32.39
5826702,2020,2020 - 2029,04,"Gosener Landstraße (Gosener Graben, id: 5826702, fluss-km: 1.00)",32.36244094488189,32.34,32.39
5826702,2020,2020 - 2029,05,"Gosener Landstraße (Gosener Graben, id: 5826702, fluss-km: 1.00)",32.35201612903226,32.33,32.38
5826702,2020,2020 - 2029,06,"Gosener Landstraße (Gosener Graben, id: 5826702, fluss-km: 1.00)",32.32983333333333,32.2995,32.370000000000005
5826702,2020,2020 - 2029,07,"Gosener Landstraße (Gosener Graben, id: 5826702, fluss-km: 1.00)",32.33467741935484,32.300000000000004,32.368500000000004
5826702,2020,2020 - 2029,08,"Gosener Landstraße (Gosener Graben, id: 5826702, fluss-km: 1.00)",32.32943548387097,32.29,32.368500000000004
5826702,2020,2020 - 2029,09,"Gosener Landstraße (Gosener Graben, id: 5826702, fluss-km: 1.00)",32.342333333333336,32.319500000000005,32.370000000000005
5826702,2020,2020 - 2029,10,"Gosener Landstraße (Gosener Graben, id: 5826702, fluss-km: 1.00)",32.34951612903226,32.33,32.370000000000005
5826702,2020,2020 - 2029,11,"Gosener Landstraße (Gosener Graben, id: 5826702, fluss-km: 1.00)",32.34908333333333,32.33,32.370000000000005
5826702,2020,2020 - 2029,12,"Gosener Landstraße (Gosener Graben, id: 5826702, fluss-km: 1.00)",32.35217741935484,32.33,32.38
5827101,1990,1990 - 1999,01,"Fähre Rahnsdorf (Müggelspree, id: 5827101, fluss-km: 8.51)",32.340887096774196,32.31,32.370000000000005
5827101,1990,1990 - 1999,02,"Fähre Rahnsdorf (Müggelspree, id: 5827101, fluss-km: 8.51)",32.349734513274335,32.32,32.39
5827101,1990,1990 - 1999,03,"Fähre Rahnsdorf (Müggelspree, id: 5827101, fluss-km: 8.51)",32.34629032258065,32.32,32.38
5827101,1990,1990 - 1999,04,"Fähre Rahnsdorf (Müggelspree, id: 5827101, fluss-km: 8.51)",32.33858333333333,32.3095,32.38
5827101,1990,1990 - 1999,05,"Fähre Rahnsdorf (Müggelspree, id: 5827101, fluss-km: 8.51)",32.33814516129032,32.31,32.370000000000005
5827101,1990,1990 - 1999,06,"Fähre Rahnsdorf (Müggelspree, id: 5827101, fluss-km: 8.51)",32.339600000000004,32.31,32.370000000000005
5827101,1990,1990 - 1999,07,"Fähre Rahnsdorf (Müggelspree, id: 5827101, fluss-km: 8.51)",32.341806451612904,32.307,32.370000000000005
5827101,1990,1990 - 1999,08,"Fähre Rahnsdorf (Müggelspree, id: 5827101, fluss-km: 8.51)",32.34141935483871,32.31,32.370000000000005
5827101,1990,1990 - 1999,09,"Fähre Rahnsdorf (Müggelspree, id: 5827101, fluss-km: 8.51)",32.3422,32.32,32.370000000000005
5827101,1990,1990 - 1999,10,"Fähre Rahnsdorf (Müggelspree, id: 5827101, fluss-km: 8.51)",32.342,32.31,32.38
5827101,1990,1990 - 1999,11,"Fähre Rahnsdorf (Müggelspree, id: 5827101, fluss-km: 8.51)",32.337133333333334,32.31,32.370000000000005
5827101,1990,1990 - 1999,12,"Fähre Rahnsdorf (Müggelspree, id: 5827101, fluss-km: 8.51)",32.349806451612906,32.32,32.38
5827101,2000,2000 - 2009,01,"Fähre Rahnsdorf (Müggelspree, id: 5827101, fluss-km: 8.51)",32.36412903225806,32.33,32.4
5827101,2000,2000 - 2009,02,"Fähre Rahnsdorf (Müggelspree, id: 5827101, fluss-km: 8.51)",32.356572438162544,32.32,32.4
5827101,2000,2000 - 2009,03,"Fähre Rahnsdorf (Müggelspree, id: 5827101, fluss-km: 8.51)",32.35787096774194,32.32,32.39
5827101,2000,2000 - 2009,04,"Fähre Rahnsdorf (Müggelspree, id: 5827101, fluss-km: 8.51)",32.354033333333334,32.32,32.38
5827101,2000,2000 - 2009,05,"Fähre Rahnsdorf (Müggelspree, id: 5827101, fluss-km: 8.51)",32.35509677419355,32.33,32.3855
5827101,2000,2000 - 2009,06,"Fähre Rahnsdorf (Müggelspree, id: 5827101, fluss-km: 8.51)",32.3583,32.33,32.39
5827101,2000,2000 - 2009,07,"Fähre Rahnsdorf (Müggelspree, id: 5827101, fluss-km: 8.51)",32.36196774193549,32.33,32.39
5827101,2000,2000 - 2009,08,"Fähre Rahnsdorf (Müggelspree, id: 5827101, fluss-km: 8.51)",32.35851612903226,32.3245,32.39
5827101,2000,2000 - 2009,09,"Fähre Rahnsdorf (Müggelspree, id: 5827101, fluss-km: 8.51)",32.35736666666667,32.32,32.39
5827101,2000,2000 - 2009,10,"Fähre Rahnsdorf (Müggelspree, id: 5827101, fluss-km: 8.51)",32.35606451612903,32.33,32.39
5827101,2000,2000 - 2009,11,"Fähre Rahnsdorf (Müggelspree, id: 5827101, fluss-km: 8.51)",32.358266666666665,32.33,32.39
5827101,2000,2000 - 2009,12,"Fähre Rahnsdorf (Müggelspree, id: 5827101, fluss-km: 8.51)",32.35809677419355,32.33,32.39
5827101,2010,2010 - 2019,01,"Fähre Rahnsdorf (Müggelspree, id: 5827101, fluss-km: 8.51)",32.36622580645162,32.33,32.39
5827101,2010,2010 - 2019,02,"Fähre Rahnsdorf (Müggelspree, id: 5827101, fluss-km: 8.51)",32.358333333333334,32.33,32.39
5827101,2010,2010 - 2019,03,"Fähre Rahnsdorf (Müggelspree, id: 5827101, fluss-km: 8.51)",32.35693548387097,32.33,32.39
5827101,2010,2010 - 2019,04,"Fähre Rahnsdorf (Müggelspree, id: 5827101, fluss-km: 8.51)",32.356833333333334,32.33,32.39
5827101,2010,2010 - 2019,05,"Fähre Rahnsdorf (Müggelspree, id: 5827101, fluss-km: 8.51)",32.35638709677419,32.33,32.38
5827101,2010,2010 - 2019,06,"Fähre Rahnsdorf (Müggelspree, id: 5827101, fluss-km: 8.51)",32.35706666666667,32.32,32.39
5827101,2010,2010 - 2019,07,"Fähre Rahnsdorf (Müggelspree, id: 5827101, fluss-km: 8.51)",32.35667741935484,32.32,32.39
5827101,2010,2010 - 2019,08,"Fähre Rahnsdorf (Müggelspree, id: 5827101, fluss-km: 8.51)",32.347806451612904,32.31,32.39
5827101,2010,2010 - 2019,09,"Fähre Rahnsdorf (Müggelspree, id: 5827101, fluss-km: 8.51)",32.3573,32.31,32.39
5827101,2010,2010 - 2019,10,"Fähre Rahnsdorf (Müggelspree, id: 5827101, fluss-km: 8.51)",32.361064516129034,32.33,32.39
5827101,2010,2010 - 2019,11,"Fähre Rahnsdorf (Müggelspree, id: 5827101, fluss-km: 8.51)",32.36196666666667,32.34,32.38
5827101,2010,2010 - 2019,12,"Fähre Rahnsdorf (Müggelspree, id: 5827101, fluss-km: 8.51)",32.363,32.33,32.39
5827101,2020,2020 - 2029,01,"Fähre Rahnsdorf (Müggelspree, id: 5827101, fluss-km: 8.51)",32.348129032258065,32.32,32.370000000000005
5827101,2020,2020 - 2029,02,"Fähre Rahnsdorf (Müggelspree, id: 5827101, fluss-km: 8.51)",32.35267605633803,32.33,32.38
5827101,2020,2020 - 2029,03,"Fähre Rahnsdorf (Müggelspree, id: 5827101, fluss-km: 8.51)",32.35038709677419,32.32,32.38
5827101,2020,2020 - 2029,04,"Fähre Rahnsdorf (Müggelspree, id: 5827101, fluss-km: 8.51)",32.349921259842525,32.33,32.370000000000005
5827101,2020,2020 - 2029,05,"Fähre Rahnsdorf (Müggelspree, id: 5827101, fluss-km: 8.51)",32.34274193548387,32.32,32.370000000000005
5827101,2020,2020 - 2029,06,"Fähre Rahnsdorf (Müggelspree, id: 5827101, fluss-km: 8.51)",32.321416666666664,32.2995,32.36
5827101,2020,2020 - 2029,07,"Fähre Rahnsdorf (Müggelspree, id: 5827101, fluss-km: 8.51)",32.32790322580645,32.2915,32.36
5827101,2020,2020 - 2029,08,"Fähre Rahnsdorf (Müggelspree, id: 5827101, fluss-km: 8.51)",32.32274193548387,32.29,32.368500000000004
5827101,2020,2020 - 2029,09,"Fähre Rahnsdorf (Müggelspree, id: 5827101, fluss-km: 8.51)",32.33533333333333,32.300000000000004,32.370000000000005
5827101,2020,2020 - 2029,10,"Fähre Rahnsdorf (Müggelspree, id: 5827101, fluss-km: 8.51)",32.343467741935484,32.32,32.368500000000004
5827101,2020,2020 - 2029,11,"Fähre Rahnsdorf (Müggelspree, id: 5827101, fluss-km: 8.51)",32.343833333333336,32.32,32.370000000000005
5827101,2020,2020 - 2029,12,"Fähre Rahnsdorf (Müggelspree, id: 5827101, fluss-km: 8.51)",32.34645161290323,32.33,32.370000000000005
5827103,2000,2000 - 2009,01,"Allendestraße (Müggelspree, id: 5827103, fluss-km: 35.00)",32.35569892473118,32.33,32.379999999999995
5827103,2000,2000 - 2009,02,"Allendestraße (Müggelspree, id: 5827103, fluss-km: 35.00)",32.35513274336283,32.33,32.384
5827103,2000,2000 - 2009,03,"Allendestraße (Müggelspree, id: 5827103, fluss-km: 35.00)",32.354032258064514,32.33,32.379999999999995
5827103,2000,2000 - 2009,04,"Allendestraße (Müggelspree, id: 5827103, fluss-km: 35.00)",32.34908333333333,32.33,32.3705
5827103,2000,2000 - 2009,05,"Allendestraße (Müggelspree, id: 5827103, fluss-km: 35.00)",32.34862903225806,32.33,32.37
5827103,2000,2000 - 2009,06,"Allendestraße (Müggelspree, id: 5827103, fluss-km: 35.00)",32.3475,32.32,32.37
5827103,2000,2000 - 2009,07,"Allendestraße (Müggelspree, id: 5827103, fluss-km: 35.00)",32.34266129032258,32.32,32.37
5827103,2000,2000 - 2009,08,"Allendestraße (Müggelspree, id: 5827103, fluss-km: 35.00)",32.34927419354839,32.33,32.37
5827103,2000,2000 - 2009,09,"Allendestraße (Müggelspree, id: 5827103, fluss-km: 35.00)",32.34733333333333,32.33,32.37
5827103,2000,2000 - 2009,10,"Allendestraße (Müggelspree, id: 5827103, fluss-km: 35.00)",32.35048387096774,32.33,32.37
5827103,2000,2000 - 2009,11,"Allendestraße (Müggelspree, id: 5827103, fluss-km: 35.00)",32.34766666666667,32.33,32.37
5827103,2000,2000 - 2009,12,"Allendestraße (Müggelspree, id: 5827103, fluss-km: 35.00)",32.34572580645161,32.33,32.36
5827103,2010,2010 - 2019,01,"Allendestraße (Müggelspree, id: 5827103, fluss-km: 35.00)",32.35364516129032,32.33,32.379999999999995
5827103,2010,2010 - 2019,02,"Allendestraße (Müggelspree, id: 5827103, fluss-km: 35.00)",32.349432624113476,32.33,32.37
5827103,2010,2010 - 2019,03,"Allendestraße (Müggelspree, id: 5827103, fluss-km: 35.00)",32.350967741935484,32.33,32.379999999999995
5827103,2010,2010 - 2019,04,"Allendestraße (Müggelspree, id: 5827103, fluss-km: 35.00)",32.3527,32.339499999999994,32.379999999999995
5827103,2010,2010 - 2019,05,"Allendestraße (Müggelspree, id: 5827103, fluss-km: 35.00)",32.35316129032258,32.33,32.375499999999995
5827103,2010,2010 - 2019,06,"Allendestraße (Müggelspree, id: 5827103, fluss-km: 35.00)",32.35406666666667,32.33,32.3805
5827103,2010,2010 - 2019,07,"Allendestraße (Müggelspree, id: 5827103, fluss-km: 35.00)",32.3531935483871,32.33,32.379999999999995
5827103,2010,2010 - 2019,08,"Allendestraße (Müggelspree, id: 5827103, fluss-km: 35.00)",32.34287096774193,32.309999999999995,32.37
5827103,2010,2010 - 2019,09,"Allendestraße (Müggelspree, id: 5827103, fluss-km: 35.00)",32.34896666666666,32.32,32.37
5827103,2010,2010 - 2019,10,"Allendestraße (Müggelspree, id: 5827103, fluss-km: 35.00)",32.353032258064516,32.33,32.37
5827103,2010,2010 - 2019,11,"Allendestraße (Müggelspree, id: 5827103, fluss-km: 35.00)",32.35283333333333,32.33,32.37
5827103,2010,2010 - 2019,12,"Allendestraße (Müggelspree, id: 5827103, fluss-km: 35.00)",32.352225806451614,32.33,32.37
5827103,2020,2020 - 2029,01,"Allendestraße (Müggelspree, id: 5827103, fluss-km: 35.00)",32.34174193548387,32.309999999999995,32.36
5827103,2020,2020 - 2029,02,"Allendestraße (Müggelspree, id: 5827103, fluss-km: 35.00)",32.345915492957744,32.32,32.37
5827103,2020,2020 - 2029,03,"Allendestraße (Müggelspree, id: 5827103, fluss-km: 35.00)",32.34832258064516,32.32,32.37
5827103,2020,2020 - 2029,04,"Allendestraße (Müggelspree, id: 5827103, fluss-km: 35.00)",32.34811023622047,32.32,32.37
5827103,2020,2020 - 2029,05,"Allendestraße (Müggelspree, id: 5827103, fluss-km: 35.00)",32.34225806451613,32.32,32.36
5827103,2020,2020 - 2029,06,"Allendestraße (Müggelspree, id: 5827103, fluss-km: 35.00)",32.32391666666666,32.3,32.36
5827103,2020,2020 - 2029,07,"Allendestraße (Müggelspree, id: 5827103, fluss-km: 35.00)",32.32604838709677,32.29,32.36
5827103,2020,2020 - 2029,08,"Allendestraße (Müggelspree, id: 5827103, fluss-km: 35.00)",32.32064516129032,32.29,32.3585
5827103,2020,2020 - 2029,09,"Allendestraße (Müggelspree, id: 5827103, fluss-km: 35.00)",32.33316666666666,32.309999999999995,32.37
5827103,2020,2020 - 2029,10,"Allendestraße (Müggelspree, id: 5827103, fluss-km: 35.00)",32.34298387096774,32.33,32.36
5827103,2020,2020 - 2029,11,"Allendestraße (Müggelspree, id: 5827103, fluss-km: 35.00)",32.34008333333333,32.32,32.36
5827103,2020,2020 - 2029,12,"Allendestraße (Müggelspree, id: 5827103, fluss-km: 35.00)",32.34008064516129,32.33,32.36
5827700,1960,1960 - 1969,01,"Sophienwerder (Spree, id: 5827700, fluss-km: 0.60)",29.825125448028675,29.319000000000003,30.291
5827700,1960,1960 - 1969,02,"Sophienwerder (Spree, id: 5827700, fluss-km: 0.60)",29.9746062992126,29.26,30.47
5827700,1960,1960 - 1969,03,"Sophienwerder (Spree, id: 5827700, fluss-km: 0.60)",29.903082437275987,29.279,30.43
5827700,1960,1960 - 1969,04,"Sophienwerder (Spree, id: 5827700, fluss-km: 0.60)",29.83937037037037,29.4745,30.12
5827700,1960,1960 - 1969,05,"Sophienwerder (Spree, id: 5827700, fluss-km: 0.60)",29.636308243727598,29.31,30.102
5827700,1960,1960 - 1969,06,"Sophienwerder (Spree, id: 5827700, fluss-km: 0.60)",29.447111111111113,29.1445,29.9555
5827700,1960,1960 - 1969,07,"Sophienwerder (Spree, id: 5827700, fluss-km: 0.60)",29.32688172043011,29,29.711
5827700,1960,1960 - 1969,08,"Sophienwerder (Spree, id: 5827700, fluss-km: 0.60)",29.264910394265232,29,29.512999999999998
5827700,1960,1960 - 1969,09,"Sophienwerder (Spree, id: 5827700, fluss-km: 0.60)",29.371814814814815,29.13,29.7055
5827700,1960,1960 - 1969,10,"Sophienwerder (Spree, id: 5827700, fluss-km: 0.60)",29.395913978494622,29.169,29.73
5827700,1960,1960 - 1969,11,"Sophienwerder (Spree, id: 5827700, fluss-km: 0.60)",29.5599,29.31,29.87
5827700,1960,1960 - 1969,12,"Sophienwerder (Spree, id: 5827700, fluss-km: 0.60)",29.725387096774195,29.304499999999997,30.15
5827700,1970,1970 - 1979,01,"Sophienwerder (Spree, id: 5827700, fluss-km: 0.60)",29.77841935483871,29.39,30.6355
5827700,1970,1970 - 1979,02,"Sophienwerder (Spree, id: 5827700, fluss-km: 0.60)",29.73241134751773,29.460500000000003,30.0895
5827700,1970,1970 - 1979,03,"Sophienwerder (Spree, id: 5827700, fluss-km: 0.60)",29.728774193548386,29.48,30.575499999999998
5827700,1970,1970 - 1979,04,"Sophienwerder (Spree, id: 5827700, fluss-km: 0.60)",29.752166666666668,29.32,30.6405
5827700,1970,1970 - 1979,05,"Sophienwerder (Spree, id: 5827700, fluss-km: 0.60)",29.55106451612903,29.2445,30.111000000000004
5827700,1970,1970 - 1979,06,"Sophienwerder (Spree, id: 5827700, fluss-km: 0.60)",29.417833333333334,29.27,29.670500000000004
5827700,1970,1970 - 1979,07,"Sophienwerder (Spree, id: 5827700, fluss-km: 0.60)",29.335838709677418,29.134500000000003,29.54
5827700,1970,1970 - 1979,08,"Sophienwerder (Spree, id: 5827700, fluss-km: 0.60)",29.34032258064516,29.11,29.71
5827700,1970,1970 - 1979,09,"Sophienwerder (Spree, id: 5827700, fluss-km: 0.60)",29.367766666666668,29.15,29.84
5827700,1970,1970 - 1979,10,"Sophienwerder (Spree, id: 5827700, fluss-km: 0.60)",29.46,29.25,29.95
5827700,1970,1970 - 1979,11,"Sophienwerder (Spree, id: 5827700, fluss-km: 0.60)",29.600633333333334,29.31,30.0505
5827700,1970,1970 - 1979,12,"Sophienwerder (Spree, id: 5827700, fluss-km: 0.60)",29.713129032258063,29.36,30.331000000000003
5827700,1980,1980 - 1989,01,"Sophienwerder (Spree, id: 5827700, fluss-km: 0.60)",29.856483870967743,29.4945,30.38
5827700,1980,1980 - 1989,02,"Sophienwerder (Spree, id: 5827700, fluss-km: 0.60)",29.885053003533567,29.51,30.29
5827700,1980,1980 - 1989,03,"Sophienwerder (Spree, id: 5827700, fluss-km: 0.60)",29.85741935483871,29.47,30.4555
5827700,1980,1980 - 1989,04,"Sophienwerder (Spree, id: 5827700, fluss-km: 0.60)",29.8129,29.41,30.27
5827700,1980,1980 - 1989,05,"Sophienwerder (Spree, id: 5827700, fluss-km: 0.60)",29.59548387096774,29.34,29.9155
5827700,1980,1980 - 1989,06,"Sophienwerder (Spree, id: 5827700, fluss-km: 0.60)",29.5127,29.3,29.8415
5827700,1980,1980 - 1989,07,"Sophienwerder (Spree, id: 5827700, fluss-km: 0.60)",29.426516129032258,29.19,29.831000000000003
5827700,1980,1980 - 1989,08,"Sophienwerder (Spree, id: 5827700, fluss-km: 0.60)",29.45506451612903,29.26,29.8655
5827700,1980,1980 - 1989,09,"Sophienwerder (Spree, id: 5827700, fluss-km: 0.60)",29.444666666666667,29.3195,29.630999999999997
5827700,1980,1980 - 1989,10,"Sophienwerder (Spree, id: 5827700, fluss-km: 0.60)",29.510806451612904,29.35,29.83
5827700,1980,1980 - 1989,11,"Sophienwerder (Spree, id: 5827700, fluss-km: 0.60)",29.583233333333332,29.37,30.0505
5827700,1980,1980 - 1989,12,"Sophienwerder (Spree, id: 5827700, fluss-km: 0.60)",29.690193548387096,29.46,30.1655
5827700,1990,1990 - 1999,01,"Sophienwerder (Spree, id: 5827700, fluss-km: 0.60)",29.59616129032258,29.36,30.03
5827700,1990,1990 - 1999,02,"Sophienwerder (Spree, id: 5827700, fluss-km: 0.60)",29.620070921985814,29.41,30.06
5827700,1990,1990 - 1999,03,"Sophienwerder (Spree, id: 5827700, fluss-km: 0.60)",29.616967741935483,29.384500000000003,29.99
5827700,1990,1990 - 1999,04,"Sophienwerder (Spree, id: 5827700, fluss-km: 0.60)",29.5828,29.35,30.2605
5827700,1990,1990 - 1999,05,"Sophienwerder (Spree, id: 5827700, fluss-km: 0.60)",29.43358064516129,29.26,29.7055
5827700,1990,1990 - 1999,06,"Sophienwerder (Spree, id: 5827700, fluss-km: 0.60)",29.4028,29.25,29.7805
5827700,1990,1990 - 1999,07,"Sophienwerder (Spree, id: 5827700, fluss-km: 0.60)",29.34032258064516,29.24,29.501
5827700,1990,1990 - 1999,08,"Sophienwerder (Spree, id: 5827700, fluss-km: 0.60)",29.306451612903224,29.24,29.3955
5827700,1990,1990 - 1999,09,"Sophienwerder (Spree, id: 5827700, fluss-km: 0.60)",29.3671,29.26,29.5705
5827700,1990,1990 - 1999,10,"Sophienwerder (Spree, id: 5827700, fluss-km: 0.60)",29.375967741935483,29.28,29.47
5827700,1990,1990 - 1999,11,"Sophienwerder (Spree, id: 5827700, fluss-km: 0.60)",29.450833333333332,29.3195,29.62
5827700,1990,1990 - 1999,12,"Sophienwerder (Spree, id: 5827700, fluss-km: 0.60)",29.525806451612905,29.3645,29.805500000000002
5827700,2000,2000 - 2009,01,"Sophienwerder (Spree, id: 5827700, fluss-km: 0.60)",29.502193548387098,29.36,29.8355
5827700,2000,2000 - 2009,02,"Sophienwerder (Spree, id: 5827700, fluss-km: 0.60)",29.56363957597173,29.38,29.788999999999998
5827700,2000,2000 - 2009,03,"Sophienwerder (Spree, id: 5827700, fluss-km: 0.60)",29.573387096774194,29.3445,29.8655
5827700,2000,2000 - 2009,04,"Sophienwerder (Spree, id: 5827700, fluss-km: 0.60)",29.474966666666667,29.2895,29.7905
5827700,2000,2000 - 2009,05,"Sophienwerder (Spree, id: 5827700, fluss-km: 0.60)",29.335290322580644,29.25,29.45
5827700,2000,2000 - 2009,06,"Sophienwerder (Spree, id: 5827700, fluss-km: 0.60)",29.3053,29.23,29.3905
5827700,2000,2000 - 2009,07,"Sophienwerder (Spree, id: 5827700, fluss-km: 0.60)",29.315161290322582,29.23,29.43
5827700,2000,2000 - 2009,08,"Sophienwerder (Spree, id: 5827700, fluss-km: 0.60)",29.32551612903226,29.25,29.47
5827700,2000,2000 - 2009,09,"Sophienwerder (Spree, id: 5827700, fluss-km: 0.60)",29.33363333333333,29.27,29.441000000000003
5827700,2000,2000 - 2009,10,"Sophienwerder (Spree, id: 5827700, fluss-km: 0.60)",29.36858064516129,29.29,29.51
5827700,2000,2000 - 2009,11,"Sophienwerder (Spree, id: 5827700, fluss-km: 0.60)",29.4259,29.31,29.66
5827700,2000,2000 - 2009,12,"Sophienwerder (Spree, id: 5827700, fluss-km: 0.60)",29.432129032258064,29.32,29.59
5827700,2010,2010 - 2019,01,"Sophienwerder (Spree, id: 5827700, fluss-km: 0.60)",29.659193548387098,29.374499999999998,30.3855
5827700,2010,2010 - 2019,02,"Sophienwerder (Spree, id: 5827700, fluss-km: 0.60)",29.643439716312056,29.39,30.317999999999998
5827700,2010,2010 - 2019,03,"Sophienwerder (Spree, id: 5827700, fluss-km: 0.60)",29.570064516129033,29.36,29.8655
5827700,2010,2010 - 2019,04,"Sophienwerder (Spree, id: 5827700, fluss-km: 0.60)",29.454733333333333,29.32,29.6505
5827700,2010,2010 - 2019,05,"Sophienwerder (Spree, id: 5827700, fluss-km: 0.60)",29.360870967741935,29.27,29.54
5827700,2010,2010 - 2019,06,"Sophienwerder (Spree, id: 5827700, fluss-km: 0.60)",29.369933333333332,29.26,29.76
5827700,2010,2010 - 2019,07,"Sophienwerder (Spree, id: 5827700, fluss-km: 0.60)",29.381064516129033,29.25,29.72
5827700,2010,2010 - 2019,08,"Sophienwerder (Spree, id: 5827700, fluss-km: 0.60)",29.397483870967744,29.26,29.892
5827700,2010,2010 - 2019,09,"Sophienwerder (Spree, id: 5827700, fluss-km: 0.60)",29.373733333333334,29.2695,29.59
5827700,2010,2010 - 2019,10,"Sophienwerder (Spree, id: 5827700, fluss-km: 0.60)",29.42906451612903,29.28,29.64
5827700,2010,2010 - 2019,11,"Sophienwerder (Spree, id: 5827700, fluss-km: 0.60)",29.4846,29.3,29.8125
5827700,2010,2010 - 2019,12,"Sophienwerder (Spree, id: 5827700, fluss-km: 0.60)",29.562225806451615,29.3345,30.05
5827700,2020,2020 - 2029,01,"Sophienwerder (Spree, id: 5827700, fluss-km: 0.60)",29.484645161290324,29.38,29.775999999999996
5827700,2020,2020 - 2029,02,"Sophienwerder (Spree, id: 5827700, fluss-km: 0.60)",29.57281690140845,29.4,29.94
5827700,2020,2020 - 2029,03,"Sophienwerder (Spree, id: 5827700, fluss-km: 0.60)",29.446387096774192,29.326999999999998,29.583
5827700,2020,2020 - 2029,04,"Sophienwerder (Spree, id: 5827700, fluss-km: 0.60)",29.382204724409448,29.3,29.527
5827700,2020,2020 - 2029,05,"Sophienwerder (Spree, id: 5827700, fluss-km: 0.60)",29.338790322580646,29.2915,29.41
5827700,2020,2020 - 2029,06,"Sophienwerder (Spree, id: 5827700, fluss-km: 0.60)",29.31925,29.28,29.42
5827700,2020,2020 - 2029,07,"Sophienwerder (Spree, id: 5827700, fluss-km: 0.60)",29.336209677419355,29.31,29.38
5827700,2020,2020 - 2029,08,"Sophienwerder (Spree, id: 5827700, fluss-km: 0.60)",29.315241935483872,29.25,29.37
5827700,2020,2020 - 2029,09,"Sophienwerder (Spree, id: 5827700, fluss-km: 0.60)",29.326583333333332,29.28,29.3705
5827700,2020,2020 - 2029,10,"Sophienwerder (Spree, id: 5827700, fluss-km: 0.60)",29.344435483870967,29.3,29.41
5827700,2020,2020 - 2029,11,"Sophienwerder (Spree, id: 5827700, fluss-km: 0.60)",29.38225,29.31,29.51
5827700,2020,2020 - 2029,12,"Sophienwerder (Spree, id: 5827700, fluss-km: 0.60)",29.421048387096775,29.3015,29.854
5860900,2010,2010 - 2019,01,"Fichtenau (Fredersdorfer Mühlenfließ, id: 5860900, fluss-km: NA)",37.39741935483871,37.300000000000004,37.510000000000005
5860900,2010,2010 - 2019,02,"Fichtenau (Fredersdorfer Mühlenfließ, id: 5860900, fluss-km: NA)",37.42819672131148,37.300000000000004,37.6
5860900,2010,2010 - 2019,03,"Fichtenau (Fredersdorfer Mühlenfließ, id: 5860900, fluss-km: NA)",37.443333333333335,37.346000000000004,37.584
5860900,2010,2010 - 2019,04,"Fichtenau (Fredersdorfer Mühlenfließ, id: 5860900, fluss-km: NA)",37.36633333333334,37.300000000000004,37.440000000000005
5860900,2010,2010 - 2019,05,"Fichtenau (Fredersdorfer Mühlenfließ, id: 5860900, fluss-km: NA)",37.315268817204306,37.300000000000004,37.374
5860900,2010,2010 - 2019,06,"Fichtenau (Fredersdorfer Mühlenfließ, id: 5860900, fluss-km: NA)",37.300000000000004,37.300000000000004,37.300000000000004
5860900,2010,2010 - 2019,07,"Fichtenau (Fredersdorfer Mühlenfließ, id: 5860900, fluss-km: NA)",37.31333333333334,37.300000000000004,37.414
5860900,2010,2010 - 2019,08,"Fichtenau (Fredersdorfer Mühlenfließ, id: 5860900, fluss-km: NA)",37.32,37.300000000000004,37.38
5860900,2010,2010 - 2019,09,"Fichtenau (Fredersdorfer Mühlenfließ, id: 5860900, fluss-km: NA)",37.30077777777778,37.300000000000004,37.3055
5860900,2010,2010 - 2019,10,"Fichtenau (Fredersdorfer Mühlenfließ, id: 5860900, fluss-km: NA)",37.31,37.300000000000004,37.36
5860900,2010,2010 - 2019,11,"Fichtenau (Fredersdorfer Mühlenfließ, id: 5860900, fluss-km: NA)",37.351777777777784,37.300000000000004,37.480000000000004
5860900,2010,2010 - 2019,12,"Fichtenau (Fredersdorfer Mühlenfließ, id: 5860900, fluss-km: NA)",37.36129032258065,37.300000000000004,37.5
5860900,2020,2020 - 2029,01,"Fichtenau (Fredersdorfer Mühlenfließ, id: 5860900, fluss-km: NA)",37.346580645161296,37.300000000000004,37.57300000000001
5860900,2020,2020 - 2029,02,"Fichtenau (Fredersdorfer Mühlenfließ, id: 5860900, fluss-km: NA)",37.383309859154934,37.300000000000004,37.64900000000001
5860900,2020,2020 - 2029,03,"Fichtenau (Fredersdorfer Mühlenfließ, id: 5860900, fluss-km: NA)",37.36129032258065,37.300000000000004,37.42
5860900,2020,2020 - 2029,04,"Fichtenau (Fredersdorfer Mühlenfließ, id: 5860900, fluss-km: NA)",37.33795275590551,37.300000000000004,37.404
5860900,2020,2020 - 2029,05,"Fichtenau (Fredersdorfer Mühlenfließ, id: 5860900, fluss-km: NA)",37.30645161290323,37.300000000000004,37.3485
5860900,2020,2020 - 2029,06,"Fichtenau (Fredersdorfer Mühlenfließ, id: 5860900, fluss-km: NA)",37.30008333333334,37.300000000000004,37.300000000000004
5860900,2020,2020 - 2029,07,"Fichtenau (Fredersdorfer Mühlenfließ, id: 5860900, fluss-km: NA)",37.300080645161295,37.300000000000004,37.300000000000004
5860900,2020,2020 - 2029,08,"Fichtenau (Fredersdorfer Mühlenfließ, id: 5860900, fluss-km: NA)",37.30104838709678,37.300000000000004,37.31
5860900,2020,2020 - 2029,09,"Fichtenau (Fredersdorfer Mühlenfließ, id: 5860900, fluss-km: NA)",37.300583333333336,37.300000000000004,37.31
5860900,2020,2020 - 2029,10,"Fichtenau (Fredersdorfer Mühlenfließ, id: 5860900, fluss-km: NA)",37.300322580645165,37.300000000000004,37.300000000000004
5860900,2020,2020 - 2029,11,"Fichtenau (Fredersdorfer Mühlenfließ, id: 5860900, fluss-km: NA)",37.300000000000004,37.300000000000004,37.300000000000004
5860900,2020,2020 - 2029,12,"Fichtenau (Fredersdorfer Mühlenfließ, id: 5860900, fluss-km: NA)",37.303548387096775,37.300000000000004,37.328500000000005
5861000,1990,1990 - 1999,01,"Hegemeisterweg (Fredersdorfer Mühlenfließ, id: 5861000, fluss-km: 1.80)",35.90399193548387,35.68,36.22
5861000,1990,1990 - 1999,02,"Hegemeisterweg (Fredersdorfer Mühlenfließ, id: 5861000, fluss-km: 1.80)",35.94275590551181,35.68,36.26
5861000,1990,1990 - 1999,03,"Hegemeisterweg (Fredersdorfer Mühlenfließ, id: 5861000, fluss-km: 1.80)",35.885770609318996,35.68,36.059999999999995
5861000,1990,1990 - 1999,04,"Hegemeisterweg (Fredersdorfer Mühlenfließ, id: 5861000, fluss-km: 1.80)",35.82544444444444,35.68,35.98
5861000,1990,1990 - 1999,05,"Hegemeisterweg (Fredersdorfer Mühlenfließ, id: 5861000, fluss-km: 1.80)",35.77132616487455,35.668000000000006,35.92
5861000,1990,1990 - 1999,06,"Hegemeisterweg (Fredersdorfer Mühlenfließ, id: 5861000, fluss-km: 1.80)",35.721518518518515,35.629000000000005,35.879999999999995
5861000,1990,1990 - 1999,07,"Hegemeisterweg (Fredersdorfer Mühlenfließ, id: 5861000, fluss-km: 1.80)",35.69598566308244,35.58,35.82
5861000,1990,1990 - 1999,08,"Hegemeisterweg (Fredersdorfer Mühlenfließ, id: 5861000, fluss-km: 1.80)",35.66465949820788,35.58,35.75
5861000,1990,1990 - 1999,09,"Hegemeisterweg (Fredersdorfer Mühlenfließ, id: 5861000, fluss-km: 1.80)",35.66574074074074,35.58,35.739999999999995
5861000,1990,1990 - 1999,10,"Hegemeisterweg (Fredersdorfer Mühlenfließ, id: 5861000, fluss-km: 1.80)",35.68365591397849,35.58,35.83
5861000,1990,1990 - 1999,11,"Hegemeisterweg (Fredersdorfer Mühlenfließ, id: 5861000, fluss-km: 1.80)",35.757074074074076,35.61,35.97
5861000,1990,1990 - 1999,12,"Hegemeisterweg (Fredersdorfer Mühlenfließ, id: 5861000, fluss-km: 1.80)",35.83706093189964,35.68,36.020999999999994
5861000,2000,2000 - 2009,01,"Hegemeisterweg (Fredersdorfer Mühlenfließ, id: 5861000, fluss-km: 1.80)",35.924354838709675,35.6535,36.1055
5861000,2000,2000 - 2009,02,"Hegemeisterweg (Fredersdorfer Mühlenfließ, id: 5861000, fluss-km: 1.80)",35.99395759717314,35.85,36.318
5861000,2000,2000 - 2009,03,"Hegemeisterweg (Fredersdorfer Mühlenfließ, id: 5861000, fluss-km: 1.80)",35.952999999999996,35.83,36.129999999999995
5861000,2000,2000 - 2009,04,"Hegemeisterweg (Fredersdorfer Mühlenfließ, id: 5861000, fluss-km: 1.80)",35.85476666666666,35.71,36
5861000,2000,2000 - 2009,05,"Hegemeisterweg (Fredersdorfer Mühlenfließ, id: 5861000, fluss-km: 1.80)",35.7728064516129,35.65,35.88549999999999
5861000,2000,2000 - 2009,06,"Hegemeisterweg (Fredersdorfer Mühlenfließ, id: 5861000, fluss-km: 1.80)",35.698299999999996,35.58,35.83
5861000,2000,2000 - 2009,07,"Hegemeisterweg (Fredersdorfer Mühlenfließ, id: 5861000, fluss-km: 1.80)",35.63941935483871,35.58,35.7555
5861000,2000,2000 - 2009,08,"Hegemeisterweg (Fredersdorfer Mühlenfließ, id: 5861000, fluss-km: 1.80)",35.63029032258064,35.58,35.78
5861000,2000,2000 - 2009,09,"Hegemeisterweg (Fredersdorfer Mühlenfließ, id: 5861000, fluss-km: 1.80)",35.62736666666667,35.58,35.8005
5861000,2000,2000 - 2009,10,"Hegemeisterweg (Fredersdorfer Mühlenfließ, id: 5861000, fluss-km: 1.80)",35.64487096774193,35.58,35.839999999999996
5861000,2000,2000 - 2009,11,"Hegemeisterweg (Fredersdorfer Mühlenfließ, id: 5861000, fluss-km: 1.80)",35.725966666666665,35.58,35.95049999999999
5861000,2000,2000 - 2009,12,"Hegemeisterweg (Fredersdorfer Mühlenfließ, id: 5861000, fluss-km: 1.80)",35.85858064516129,35.58,36.01
5861000,2010,2010 - 2019,01,"Hegemeisterweg (Fredersdorfer Mühlenfließ, id: 5861000, fluss-km: 1.80)",35.931548387096775,35.58,36.3
5861000,2010,2010 - 2019,02,"Hegemeisterweg (Fredersdorfer Mühlenfließ, id: 5861000, fluss-km: 1.80)",35.95960992907801,35.58,36.25
5861000,2010,2010 - 2019,03,"Hegemeisterweg (Fredersdorfer Mühlenfließ, id: 5861000, fluss-km: 1.80)",35.94877419354839,35.58,36.17
5861000,2010,2010 - 2019,04,"Hegemeisterweg (Fredersdorfer Mühlenfließ, id: 5861000, fluss-km: 1.80)",35.84223333333333,35.58,36.05
5861000,2010,2010 - 2019,05,"Hegemeisterweg (Fredersdorfer Mühlenfließ, id: 5861000, fluss-km: 1.80)",35.77022580645161,35.58,36.0155
5861000,2010,2010 - 2019,06,"Hegemeisterweg (Fredersdorfer Mühlenfließ, id: 5861000, fluss-km: 1.80)",35.71046666666666,35.58,35.96
5861000,2010,2010 - 2019,07,"Hegemeisterweg (Fredersdorfer Mühlenfließ, id: 5861000, fluss-km: 1.80)",35.672838709677414,35.58,35.92
5861000,2010,2010 - 2019,08,"Hegemeisterweg (Fredersdorfer Mühlenfließ, id: 5861000, fluss-km: 1.80)",35.6578064516129,35.58,35.9855
5861000,2010,2010 - 2019,09,"Hegemeisterweg (Fredersdorfer Mühlenfließ, id: 5861000, fluss-km: 1.80)",35.65626666666667,35.58,35.94
5861000,2010,2010 - 2019,10,"Hegemeisterweg (Fredersdorfer Mühlenfließ, id: 5861000, fluss-km: 1.80)",35.69751612903226,35.58,35.9255
5861000,2010,2010 - 2019,11,"Hegemeisterweg (Fredersdorfer Mühlenfließ, id: 5861000, fluss-km: 1.80)",35.782666666666664,35.58,36.0905
5861000,2010,2010 - 2019,12,"Hegemeisterweg (Fredersdorfer Mühlenfließ, id: 5861000, fluss-km: 1.80)",35.850806451612904,35.58,36.42
5861000,2020,2020 - 2029,01,"Hegemeisterweg (Fredersdorfer Mühlenfließ, id: 5861000, fluss-km: 1.80)",35.59193548387097,35.58,35.679
5861000,2020,2020 - 2029,02,"Hegemeisterweg (Fredersdorfer Mühlenfließ, id: 5861000, fluss-km: 1.80)",35.643169014084506,35.58,35.879999999999995
5861000,2020,2020 - 2029,03,"Hegemeisterweg (Fredersdorfer Mühlenfließ, id: 5861000, fluss-km: 1.80)",35.686,35.58,35.885999999999996
5861000,2020,2020 - 2029,04,"Hegemeisterweg (Fredersdorfer Mühlenfließ, id: 5861000, fluss-km: 1.80)",35.59897637795275,35.58,35.833999999999996
5861000,2020,2020 - 2029,05,"Hegemeisterweg (Fredersdorfer Mühlenfließ, id: 5861000, fluss-km: 1.80)",35.58,35.58,35.58
5861000,2020,2020 - 2029,06,"Hegemeisterweg (Fredersdorfer Mühlenfließ, id: 5861000, fluss-km: 1.80)",35.58,35.58,35.58
5861000,2020,2020 - 2029,07,"Hegemeisterweg (Fredersdorfer Mühlenfließ, id: 5861000, fluss-km: 1.80)",35.58,35.58,35.58
5861000,2020,2020 - 2029,08,"Hegemeisterweg (Fredersdorfer Mühlenfließ, id: 5861000, fluss-km: 1.80)",35.58,35.58,35.58
5861000,2020,2020 - 2029,09,"Hegemeisterweg (Fredersdorfer Mühlenfließ, id: 5861000, fluss-km: 1.80)",35.58,35.58,35.58
5861000,2020,2020 - 2029,10,"Hegemeisterweg (Fredersdorfer Mühlenfließ, id: 5861000, fluss-km: 1.80)",35.58,35.58,35.58
5861000,2020,2020 - 2029,11,"Hegemeisterweg (Fredersdorfer Mühlenfließ, id: 5861000, fluss-km: 1.80)",35.58,35.58,35.58
5861000,2020,2020 - 2029,12,"Hegemeisterweg (Fredersdorfer Mühlenfließ, id: 5861000, fluss-km: 1.80)",35.58,35.58,35.58
5861101,2010,2010 - 2019,01,"Am Reitweg (Neuenhagener Mühlenfließ, id: 5861101, fluss-km: 3.50)",33.641720430107526,33.602500000000006,33.71
5861101,2010,2010 - 2019,02,"Am Reitweg (Neuenhagener Mühlenfließ, id: 5861101, fluss-km: 3.50)",33.640059171597635,33.61,33.690000000000005
5861101,2010,2010 - 2019,03,"Am Reitweg (Neuenhagener Mühlenfließ, id: 5861101, fluss-km: 3.50)",33.6441935483871,33.61,33.697500000000005
5861101,2010,2010 - 2019,04,"Am Reitweg (Neuenhagener Mühlenfließ, id: 5861101, fluss-km: 3.50)",33.64522222222222,33.61,33.7
5861101,2010,2010 - 2019,05,"Am Reitweg (Neuenhagener Mühlenfließ, id: 5861101, fluss-km: 3.50)",33.64021505376344,33.61,33.68
5861101,2010,2010 - 2019,06,"Am Reitweg (Neuenhagener Mühlenfließ, id: 5861101, fluss-km: 3.50)",33.643055555555556,33.6,33.690000000000005
5861101,2010,2010 - 2019,07,"Am Reitweg (Neuenhagener Mühlenfließ, id: 5861101, fluss-km: 3.50)",33.63177419354839,33.59,33.707499999999996
5861101,2010,2010 - 2019,08,"Am Reitweg (Neuenhagener Mühlenfließ, id: 5861101, fluss-km: 3.50)",33.620215053763445,33.580000000000005,33.7
5861101,2010,2010 - 2019,09,"Am Reitweg (Neuenhagener Mühlenfließ, id: 5861101, fluss-km: 3.50)",33.61071428571429,33.584500000000006,33.64
5861101,2010,2010 - 2019,10,"Am Reitweg (Neuenhagener Mühlenfließ, id: 5861101, fluss-km: 3.50)",33.61322580645162,33.59,33.660000000000004
5861101,2010,2010 - 2019,11,"Am Reitweg (Neuenhagener Mühlenfließ, id: 5861101, fluss-km: 3.50)",33.62509523809524,33.59,33.68
5861101,2010,2010 - 2019,12,"Am Reitweg (Neuenhagener Mühlenfließ, id: 5861101, fluss-km: 3.50)",33.63175115207373,33.6,33.690000000000005
5861101,2020,2020 - 2029,01,"Am Reitweg (Neuenhagener Mühlenfließ, id: 5861101, fluss-km: 3.50)",33.63574193548387,33.6,33.673
5861101,2020,2020 - 2029,02,"Am Reitweg (Neuenhagener Mühlenfließ, id: 5861101, fluss-km: 3.50)",33.65866197183099,33.620000000000005,33.7
5861101,2020,2020 - 2029,03,"Am Reitweg (Neuenhagener Mühlenfließ, id: 5861101, fluss-km: 3.50)",33.66161290322581,33.620000000000005,33.71
5861101,2020,2020 - 2029,04,"Am Reitweg (Neuenhagener Mühlenfließ, id: 5861101, fluss-km: 3.50)",33.67212598425197,33.620000000000005,33.74
5861101,2020,2020 - 2029,05,"Am Reitweg (Neuenhagener Mühlenfließ, id: 5861101, fluss-km: 3.50)",33.652661290322584,33.620000000000005,33.7485
5861101,2020,2020 - 2029,06,"Am Reitweg (Neuenhagener Mühlenfließ, id: 5861101, fluss-km: 3.50)",33.636250000000004,33.61,33.6805
5861101,2020,2020 - 2029,07,"Am Reitweg (Neuenhagener Mühlenfließ, id: 5861101, fluss-km: 3.50)",33.631129032258066,33.6,33.6785
5861101,2020,2020 - 2029,08,"Am Reitweg (Neuenhagener Mühlenfließ, id: 5861101, fluss-km: 3.50)",33.62508064516129,33.59,33.67
5861101,2020,2020 - 2029,09,"Am Reitweg (Neuenhagener Mühlenfließ, id: 5861101, fluss-km: 3.50)",33.61175,33.580000000000005,33.660000000000004
5861101,2020,2020 - 2029,10,"Am Reitweg (Neuenhagener Mühlenfließ, id: 5861101, fluss-km: 3.50)",33.60612903225807,33.580000000000005,33.64
5861101,2020,2020 - 2029,11,"Am Reitweg (Neuenhagener Mühlenfließ, id: 5861101, fluss-km: 3.50)",33.61383333333333,33.59,33.660000000000004
5861101,2020,2020 - 2029,12,"Am Reitweg (Neuenhagener Mühlenfließ, id: 5861101, fluss-km: 3.50)",33.63306451612903,33.59,33.688500000000005
5861200,1990,1990 - 1999,01,"Wiesengrund (Neuenhagener Mühlenfließ, id: 5861200, fluss-km: 3.00)",33.00992831541219,32.92,33.160000000000004
5861200,1990,1990 - 1999,02,"Wiesengrund (Neuenhagener Mühlenfließ, id: 5861200, fluss-km: 3.00)",33.02287401574804,32.93000000000001,33.15350000000001
5861200,1990,1990 - 1999,03,"Wiesengrund (Neuenhagener Mühlenfließ, id: 5861200, fluss-km: 3.00)",33.03913978494624,32.96,33.2
5861200,1990,1990 - 1999,04,"Wiesengrund (Neuenhagener Mühlenfließ, id: 5861200, fluss-km: 3.00)",33.03740740740741,32.944500000000005,33.17
5861200,1990,1990 - 1999,05,"Wiesengrund (Neuenhagener Mühlenfließ, id: 5861200, fluss-km: 3.00)",33.14806451612903,32.93900000000001,33.470000000000006
5861200,1990,1990 - 1999,06,"Wiesengrund (Neuenhagener Mühlenfließ, id: 5861200, fluss-km: 3.00)",33.29537037037037,33.0345,33.5955
5861200,1990,1990 - 1999,07,"Wiesengrund (Neuenhagener Mühlenfließ, id: 5861200, fluss-km: 3.00)",33.282544802867385,33.010000000000005,33.61200000000001
5861200,1990,1990 - 1999,08,"Wiesengrund (Neuenhagener Mühlenfließ, id: 5861200, fluss-km: 3.00)",33.194483870967744,32.92,33.4955
5861200,1990,1990 - 1999,09,"Wiesengrund (Neuenhagener Mühlenfließ, id: 5861200, fluss-km: 3.00)",33.08696666666667,32.86000000000001,33.39
5861200,1990,1990 - 1999,10,"Wiesengrund (Neuenhagener Mühlenfließ, id: 5861200, fluss-km: 3.00)",32.98974193548388,32.800000000000004,33.260000000000005
5861200,1990,1990 - 1999,11,"Wiesengrund (Neuenhagener Mühlenfließ, id: 5861200, fluss-km: 3.00)",32.98486666666667,32.830000000000005,33.11050000000001
5861200,1990,1990 - 1999,12,"Wiesengrund (Neuenhagener Mühlenfließ, id: 5861200, fluss-km: 3.00)",32.993741935483875,32.870000000000005,33.11000000000001
5861200,2000,2000 - 2009,01,"Wiesengrund (Neuenhagener Mühlenfließ, id: 5861200, fluss-km: 3.00)",32.8721935483871,32.790000000000006,33.0055
5861200,2000,2000 - 2009,02,"Wiesengrund (Neuenhagener Mühlenfließ, id: 5861200, fluss-km: 3.00)",32.88710247349824,32.790000000000006,32.989000000000004
5861200,2000,2000 - 2009,03,"Wiesengrund (Neuenhagener Mühlenfließ, id: 5861200, fluss-km: 3.00)",32.89025806451613,32.790000000000006,32.99
5861200,2000,2000 - 2009,04,"Wiesengrund (Neuenhagener Mühlenfließ, id: 5861200, fluss-km: 3.00)",32.890433333333334,32.7995,32.9905
5861200,2000,2000 - 2009,05,"Wiesengrund (Neuenhagener Mühlenfließ, id: 5861200, fluss-km: 3.00)",33.065709677419356,32.85,33.355500000000006
5861200,2000,2000 - 2009,06,"Wiesengrund (Neuenhagener Mühlenfließ, id: 5861200, fluss-km: 3.00)",33.07916666666667,32.85,33.31
5861200,2000,2000 - 2009,07,"Wiesengrund (Neuenhagener Mühlenfließ, id: 5861200, fluss-km: 3.00)",33.08287096774194,32.900000000000006,33.3665
5861200,2000,2000 - 2009,08,"Wiesengrund (Neuenhagener Mühlenfließ, id: 5861200, fluss-km: 3.00)",33.08729032258065,32.84,33.5055
5861200,2000,2000 - 2009,09,"Wiesengrund (Neuenhagener Mühlenfließ, id: 5861200, fluss-km: 3.00)",32.971700000000006,32.81,33.190000000000005
5861200,2000,2000 - 2009,10,"Wiesengrund (Neuenhagener Mühlenfließ, id: 5861200, fluss-km: 3.00)",32.84516129032259,32.760000000000005,32.96
5861200,2000,2000 - 2009,11,"Wiesengrund (Neuenhagener Mühlenfließ, id: 5861200, fluss-km: 3.00)",32.855900000000005,32.790000000000006,32.970000000000006
5861200,2000,2000 - 2009,12,"Wiesengrund (Neuenhagener Mühlenfließ, id: 5861200, fluss-km: 3.00)",32.84858064516129,32.7845,32.96
5861200,2010,2010 - 2019,01,"Wiesengrund (Neuenhagener Mühlenfließ, id: 5861200, fluss-km: 3.00)",32.90332258064517,32.790000000000006,33.080000000000005
5861200,2010,2010 - 2019,02,"Wiesengrund (Neuenhagener Mühlenfließ, id: 5861200, fluss-km: 3.00)",32.89847517730497,32.800000000000004,33.039500000000004
5861200,2010,2010 - 2019,03,"Wiesengrund (Neuenhagener Mühlenfließ, id: 5861200, fluss-km: 3.00)",32.907419354838716,32.830000000000005,33.07
5861200,2010,2010 - 2019,04,"Wiesengrund (Neuenhagener Mühlenfließ, id: 5861200, fluss-km: 3.00)",32.876066666666674,32.830000000000005,32.99
5861200,2010,2010 - 2019,05,"Wiesengrund (Neuenhagener Mühlenfließ, id: 5861200, fluss-km: 3.00)",33.00425806451613,32.84,33.3055
5861200,2010,2010 - 2019,06,"Wiesengrund (Neuenhagener Mühlenfließ, id: 5861200, fluss-km: 3.00)",33.12873333333334,32.85,33.39
5861200,2010,2010 - 2019,07,"Wiesengrund (Neuenhagener Mühlenfließ, id: 5861200, fluss-km: 3.00)",33.15096774193549,32.8945,33.440000000000005
5861200,2010,2010 - 2019,08,"Wiesengrund (Neuenhagener Mühlenfließ, id: 5861200, fluss-km: 3.00)",33.141322580645166,32.870000000000005,33.4555
5861200,2010,2010 - 2019,09,"Wiesengrund (Neuenhagener Mühlenfließ, id: 5861200, fluss-km: 3.00)",33.06223333333334,32.88,33.2525
5861200,2010,2010 - 2019,10,"Wiesengrund (Neuenhagener Mühlenfließ, id: 5861200, fluss-km: 3.00)",32.90003225806452,32.78,33.03
5861200,2010,2010 - 2019,11,"Wiesengrund (Neuenhagener Mühlenfließ, id: 5861200, fluss-km: 3.00)",32.884,32.81,33.040000000000006
5861200,2010,2010 - 2019,12,"Wiesengrund (Neuenhagener Mühlenfließ, id: 5861200, fluss-km: 3.00)",32.874903225806456,32.82,32.96
5861200,2020,2020 - 2029,01,"Wiesengrund (Neuenhagener Mühlenfließ, id: 5861200, fluss-km: 3.00)",32.80993548387097,32.77,32.86000000000001
5861200,2020,2020 - 2029,02,"Wiesengrund (Neuenhagener Mühlenfließ, id: 5861200, fluss-km: 3.00)",32.833450704225356,32.78,32.92
5861200,2020,2020 - 2029,03,"Wiesengrund (Neuenhagener Mühlenfließ, id: 5861200, fluss-km: 3.00)",32.81316129032258,32.78,32.86300000000001
5861200,2020,2020 - 2029,04,"Wiesengrund (Neuenhagener Mühlenfließ, id: 5861200, fluss-km: 3.00)",32.817244094488196,32.790000000000006,32.85
5861200,2020,2020 - 2029,05,"Wiesengrund (Neuenhagener Mühlenfließ, id: 5861200, fluss-km: 3.00)",32.89096774193549,32.800000000000004,33.027
5861200,2020,2020 - 2029,06,"Wiesengrund (Neuenhagener Mühlenfließ, id: 5861200, fluss-km: 3.00)",32.923,32.790000000000006,33.120000000000005
5861200,2020,2020 - 2029,07,"Wiesengrund (Neuenhagener Mühlenfließ, id: 5861200, fluss-km: 3.00)",32.94483870967742,32.81,33.185500000000005
5861200,2020,2020 - 2029,08,"Wiesengrund (Neuenhagener Mühlenfließ, id: 5861200, fluss-km: 3.00)",32.88314516129033,32.790000000000006,33.067
5861200,2020,2020 - 2029,09,"Wiesengrund (Neuenhagener Mühlenfließ, id: 5861200, fluss-km: 3.00)",32.79558333333334,32.760000000000005,32.84
5861200,2020,2020 - 2029,10,"Wiesengrund (Neuenhagener Mühlenfließ, id: 5861200, fluss-km: 3.00)",32.78056451612903,32.760000000000005,32.82
5861200,2020,2020 - 2029,11,"Wiesengrund (Neuenhagener Mühlenfließ, id: 5861200, fluss-km: 3.00)",32.79066666666667,32.760000000000005,32.8305
5861200,2020,2020 - 2029,12,"Wiesengrund (Neuenhagener Mühlenfließ, id: 5861200, fluss-km: 3.00)",32.803467741935485,32.761500000000005,32.89
5862811,2000,2000 - 2009,01,"Schmöckwitz US (Zeuthener See, id: 5862811, fluss-km: 11.20)",32.394064516129035,32.36,32.44
5862811,2000,2000 - 2009,02,"Schmöckwitz US (Zeuthener See, id: 5862811, fluss-km: 11.20)",32.39496453900709,32.370000000000005,32.43
5862811,2000,2000 - 2009,03,"Schmöckwitz US (Zeuthener See, id: 5862811, fluss-km: 11.20)",32.39845161290323,32.36,32.43
5862811,2000,2000 - 2009,04,"Schmöckwitz US (Zeuthener See, id: 5862811, fluss-km: 11.20)",32.40573333333334,32.38,32.44
5862811,2000,2000 - 2009,05,"Schmöckwitz US (Zeuthener See, id: 5862811, fluss-km: 11.20)",32.40232258064516,32.38,32.43
5862811,2000,2000 - 2009,06,"Schmöckwitz US (Zeuthener See, id: 5862811, fluss-km: 11.20)",32.40306666666667,32.38,32.43
5862811,2000,2000 - 2009,07,"Schmöckwitz US (Zeuthener See, id: 5862811, fluss-km: 11.20)",32.394,32.34,32.43
5862811,2000,2000 - 2009,08,"Schmöckwitz US (Zeuthener See, id: 5862811, fluss-km: 11.20)",32.38922580645161,32.347,32.43
5862811,2000,2000 - 2009,09,"Schmöckwitz US (Zeuthener See, id: 5862811, fluss-km: 11.20)",32.38786666666667,32.36,32.42
5862811,2000,2000 - 2009,10,"Schmöckwitz US (Zeuthener See, id: 5862811, fluss-km: 11.20)",32.38606451612903,32.35,32.42
5862811,2000,2000 - 2009,11,"Schmöckwitz US (Zeuthener See, id: 5862811, fluss-km: 11.20)",32.38353333333333,32.34,32.410000000000004
5862811,2000,2000 - 2009,12,"Schmöckwitz US (Zeuthener See, id: 5862811, fluss-km: 11.20)",32.38638709677419,32.34,32.42
5862811,2010,2010 - 2019,01,"Schmöckwitz US (Zeuthener See, id: 5862811, fluss-km: 11.20)",32.39025806451613,32.36,32.43
5862811,2010,2010 - 2019,02,"Schmöckwitz US (Zeuthener See, id: 5862811, fluss-km: 11.20)",32.383652482269504,32.35,32.4195
5862811,2010,2010 - 2019,03,"Schmöckwitz US (Zeuthener See, id: 5862811, fluss-km: 11.20)",32.38025806451613,32.35,32.410000000000004
5862811,2010,2010 - 2019,04,"Schmöckwitz US (Zeuthener See, id: 5862811, fluss-km: 11.20)",32.37683333333334,32.35,32.4
5862811,2010,2010 - 2019,05,"Schmöckwitz US (Zeuthener See, id: 5862811, fluss-km: 11.20)",32.37216129032258,32.34,32.4055
5862811,2010,2010 - 2019,06,"Schmöckwitz US (Zeuthener See, id: 5862811, fluss-km: 11.20)",32.3783,32.33,32.44
5862811,2010,2010 - 2019,07,"Schmöckwitz US (Zeuthener See, id: 5862811, fluss-km: 11.20)",32.375193548387095,32.34,32.410000000000004
5862811,2010,2010 - 2019,08,"Schmöckwitz US (Zeuthener See, id: 5862811, fluss-km: 11.20)",32.36229032258065,32.32,32.410000000000004
5862811,2010,2010 - 2019,09,"Schmöckwitz US (Zeuthener See, id: 5862811, fluss-km: 11.20)",32.36683333333333,32.32,32.42
5862811,2010,2010 - 2019,10,"Schmöckwitz US (Zeuthener See, id: 5862811, fluss-km: 11.20)",32.37754838709677,32.344500000000004,32.43
5862811,2010,2010 - 2019,11,"Schmöckwitz US (Zeuthener See, id: 5862811, fluss-km: 11.20)",32.38673333333333,32.35,32.47
5862811,2010,2010 - 2019,12,"Schmöckwitz US (Zeuthener See, id: 5862811, fluss-km: 11.20)",32.386645161290325,32.35,32.4355
5862811,2020,2020 - 2029,01,"Schmöckwitz US (Zeuthener See, id: 5862811, fluss-km: 11.20)",32.35825806451613,32.33,32.38
5862811,2020,2020 - 2029,02,"Schmöckwitz US (Zeuthener See, id: 5862811, fluss-km: 11.20)",32.36387323943662,32.34,32.39
5862811,2020,2020 - 2029,03,"Schmöckwitz US (Zeuthener See, id: 5862811, fluss-km: 11.20)",32.361548387096775,32.34,32.39
5862811,2020,2020 - 2029,04,"Schmöckwitz US (Zeuthener See, id: 5862811, fluss-km: 11.20)",32.36157480314961,32.34,32.39
5862811,2020,2020 - 2029,05,"Schmöckwitz US (Zeuthener See, id: 5862811, fluss-km: 11.20)",32.35048387096774,32.33,32.38
5862811,2020,2020 - 2029,06,"Schmöckwitz US (Zeuthener See, id: 5862811, fluss-km: 11.20)",32.3295,32.300000000000004,32.36
5862811,2020,2020 - 2029,07,"Schmöckwitz US (Zeuthener See, id: 5862811, fluss-km: 11.20)",32.32983870967742,32.300000000000004,32.36
5862811,2020,2020 - 2029,08,"Schmöckwitz US (Zeuthener See, id: 5862811, fluss-km: 11.20)",32.32629032258065,32.300000000000004,32.368500000000004
5862811,2020,2020 - 2029,09,"Schmöckwitz US (Zeuthener See, id: 5862811, fluss-km: 11.20)",32.33958333333334,32.31,32.370000000000005
5862811,2020,2020 - 2029,10,"Schmöckwitz US (Zeuthener See, id: 5862811, fluss-km: 11.20)",32.34927419354839,32.33,32.370000000000005
5862811,2020,2020 - 2029,11,"Schmöckwitz US (Zeuthener See, id: 5862811, fluss-km: 11.20)",32.34908333333333,32.33,32.370000000000005
5862811,2020,2020 - 2029,12,"Schmöckwitz US (Zeuthener See, id: 5862811, fluss-km: 11.20)",32.351370967741936,32.3315,32.370000000000005
5863000,2010,2010 - 2019,01,"Eisenacher Straße (Wuhle, id: 5863000, fluss-km: NA)",44.90451612903226,44.7815,45.0885
5863000,2010,2010 - 2019,02,"Eisenacher Straße (Wuhle, id: 5863000, fluss-km: NA)",44.879646017699116,44.79,44.974
5863000,2010,2010 - 2019,03,"Eisenacher Straße (Wuhle, id: 5863000, fluss-km: NA)",44.91233870967742,44.8,45.097
5863000,2010,2010 - 2019,04,"Eisenacher Straße (Wuhle, id: 5863000, fluss-km: NA)",44.935,44.78,45.18
5863000,2010,2010 - 2019,05,"Eisenacher Straße (Wuhle, id: 5863000, fluss-km: NA)",44.88282258064516,44.7,45.23
5863000,2010,2010 - 2019,06,"Eisenacher Straße (Wuhle, id: 5863000, fluss-km: NA)",44.85158333333333,44.63,45.2605
5863000,2010,2010 - 2019,07,"Eisenacher Straße (Wuhle, id: 5863000, fluss-km: NA)",44.84,44.59,45.2055
5863000,2010,2010 - 2019,08,"Eisenacher Straße (Wuhle, id: 5863000, fluss-km: NA)",44.77645161290322,44.61,45.1185
5863000,2010,2010 - 2019,09,"Eisenacher Straße (Wuhle, id: 5863000, fluss-km: NA)",44.693666666666665,44.399499999999996,44.9405
5863000,2010,2010 - 2019,10,"Eisenacher Straße (Wuhle, id: 5863000, fluss-km: NA)",44.87024193548387,44.5915,45.158500000000004
5863000,2010,2010 - 2019,11,"Eisenacher Straße (Wuhle, id: 5863000, fluss-km: NA)",44.924933333333335,44.76,45.18
5863000,2010,2010 - 2019,12,"Eisenacher Straße (Wuhle, id: 5863000, fluss-km: NA)",44.93412903225806,44.777,45.19
5863000,2020,2020 - 2029,01,"Eisenacher Straße (Wuhle, id: 5863000, fluss-km: NA)",44.89206451612903,44.71,45.233
5863000,2020,2020 - 2029,02,"Eisenacher Straße (Wuhle, id: 5863000, fluss-km: NA)",44.94316901408451,44.73,45.27
5863000,2020,2020 - 2029,03,"Eisenacher Straße (Wuhle, id: 5863000, fluss-km: NA)",44.910387096774194,44.73,45.29
5863000,2020,2020 - 2029,04,"Eisenacher Straße (Wuhle, id: 5863000, fluss-km: NA)",44.896771653543304,44.7,45.3
5863000,2020,2020 - 2029,05,"Eisenacher Straße (Wuhle, id: 5863000, fluss-km: NA)",44.80588709677419,44.65,45.14
5863000,2020,2020 - 2029,06,"Eisenacher Straße (Wuhle, id: 5863000, fluss-km: NA)",44.74641666666667,44.65,44.99
5863000,2020,2020 - 2029,07,"Eisenacher Straße (Wuhle, id: 5863000, fluss-km: NA)",44.73435483870968,44.65,44.9585
5863000,2020,2020 - 2029,08,"Eisenacher Straße (Wuhle, id: 5863000, fluss-km: NA)",44.69120967741936,44.65,44.7885
5863000,2020,2020 - 2029,09,"Eisenacher Straße (Wuhle, id: 5863000, fluss-km: NA)",44.68633333333334,44.65,44.871
5863000,2020,2020 - 2029,10,"Eisenacher Straße (Wuhle, id: 5863000, fluss-km: NA)",44.726048387096775,44.65,44.9285
5863000,2020,2020 - 2029,11,"Eisenacher Straße (Wuhle, id: 5863000, fluss-km: NA)",44.746583333333334,44.660000000000004,44.9305
5863000,2020,2020 - 2029,12,"Eisenacher Straße (Wuhle, id: 5863000, fluss-km: NA)",44.78193548387097,44.660000000000004,45.06
5864700,2020,2020 - 2029,01,"Hellersdorf (Wuhle, id: 5864700, fluss-km: NA)",44.62884057971014,44.54,44.76599999999999
5864700,2020,2020 - 2029,02,"Hellersdorf (Wuhle, id: 5864700, fluss-km: NA)",44.63141176470588,44.529999999999994,44.788
5864700,2020,2020 - 2029,03,"Hellersdorf (Wuhle, id: 5864700, fluss-km: NA)",44.58731182795699,44.48,44.738
5864700,2020,2020 - 2029,04,"Hellersdorf (Wuhle, id: 5864700, fluss-km: NA)",44.5644776119403,44.48,44.727
5864700,2020,2020 - 2029,05,"Hellersdorf (Wuhle, id: 5864700, fluss-km: NA)",44.53306451612903,44.48,44.58
5864700,2020,2020 - 2029,06,"Hellersdorf (Wuhle, id: 5864700, fluss-km: NA)",44.56516666666666,44.449999999999996,44.830999999999996
5864700,2020,2020 - 2029,07,"Hellersdorf (Wuhle, id: 5864700, fluss-km: NA)",44.55322580645161,44.419999999999995,44.727999999999994
5864700,2020,2020 - 2029,08,"Hellersdorf (Wuhle, id: 5864700, fluss-km: NA)",44.56274193548387,44.419999999999995,44.757999999999996
5864700,2020,2020 - 2029,09,"Hellersdorf (Wuhle, id: 5864700, fluss-km: NA)",44.54883333333333,44.44,44.680499999999995
5864700,2020,2020 - 2029,10,"Hellersdorf (Wuhle, id: 5864700, fluss-km: NA)",44.622419354838705,44.5,44.779999999999994
5864700,2020,2020 - 2029,11,"Hellersdorf (Wuhle, id: 5864700, fluss-km: NA)",44.62433333333333,44.489999999999995,44.8505
5864700,2020,2020 - 2029,12,"Hellersdorf (Wuhle, id: 5864700, fluss-km: NA)",44.667258064516126,44.51,44.91949999999999
5864800,2000,2000 - 2009,01,"Wuhletal (Wuhle, id: 5864800, fluss-km: 8.04)",39.50432258064516,39.42,39.64
5864800,2000,2000 - 2009,02,"Wuhletal (Wuhle, id: 5864800, fluss-km: 8.04)",39.50588652482269,39.43,39.6
5864800,2000,2000 - 2009,03,"Wuhletal (Wuhle, id: 5864800, fluss-km: 8.04)",39.5021935483871,39.43,39.62
5864800,2000,2000 - 2009,04,"Wuhletal (Wuhle, id: 5864800, fluss-km: 8.04)",39.486466666666665,39.41,39.63549999999999
5864800,2000,2000 - 2009,05,"Wuhletal (Wuhle, id: 5864800, fluss-km: 8.04)",39.49322580645161,39.41,39.573
5864800,2000,2000 - 2009,06,"Wuhletal (Wuhle, id: 5864800, fluss-km: 8.04)",39.4852,39.41,39.559999999999995
5864800,2000,2000 - 2009,07,"Wuhletal (Wuhle, id: 5864800, fluss-km: 8.04)",39.47883870967742,39.39,39.573
5864800,2000,2000 - 2009,08,"Wuhletal (Wuhle, id: 5864800, fluss-km: 8.04)",39.46929032258064,39.4,39.553
5864800,2000,2000 - 2009,09,"Wuhletal (Wuhle, id: 5864800, fluss-km: 8.04)",39.467,39.3945,39.559999999999995
5864800,2000,2000 - 2009,10,"Wuhletal (Wuhle, id: 5864800, fluss-km: 8.04)",39.47554838709677,39.39,39.57
5864800,2000,2000 - 2009,11,"Wuhletal (Wuhle, id: 5864800, fluss-km: 8.04)",39.47983333333333,39.41,39.559999999999995
5864800,2000,2000 - 2009,12,"Wuhletal (Wuhle, id: 5864800, fluss-km: 8.04)",39.49564516129032,39.4,39.589999999999996
5864800,2010,2010 - 2019,01,"Wuhletal (Wuhle, id: 5864800, fluss-km: 8.04)",39.54341935483871,39.449999999999996,39.67
5864800,2010,2010 - 2019,02,"Wuhletal (Wuhle, id: 5864800, fluss-km: 8.04)",39.53503546099291,39.449999999999996,39.65
5864800,2010,2010 - 2019,03,"Wuhletal (Wuhle, id: 5864800, fluss-km: 8.04)",39.52948387096774,39.46,39.6155
5864800,2010,2010 - 2019,04,"Wuhletal (Wuhle, id: 5864800, fluss-km: 8.04)",39.512433333333334,39.449999999999996,39.58
5864800,2010,2010 - 2019,05,"Wuhletal (Wuhle, id: 5864800, fluss-km: 8.04)",39.492870967741936,39.43,39.58
5864800,2010,2010 - 2019,06,"Wuhletal (Wuhle, id: 5864800, fluss-km: 8.04)",39.494699999999995,39.43,39.5905
5864800,2010,2010 - 2019,07,"Wuhletal (Wuhle, id: 5864800, fluss-km: 8.04)",39.50251612903226,39.41,39.629999999999995
5864800,2010,2010 - 2019,08,"Wuhletal (Wuhle, id: 5864800, fluss-km: 8.04)",39.491258064516124,39.42,39.62
5864800,2010,2010 - 2019,09,"Wuhletal (Wuhle, id: 5864800, fluss-km: 8.04)",39.4839,39.39,39.5905
5864800,2010,2010 - 2019,10,"Wuhletal (Wuhle, id: 5864800, fluss-km: 8.04)",39.49864516129032,39.43,39.57
5864800,2010,2010 - 2019,11,"Wuhletal (Wuhle, id: 5864800, fluss-km: 8.04)",39.50696666666666,39.439499999999995,39.589999999999996
5864800,2010,2010 - 2019,12,"Wuhletal (Wuhle, id: 5864800, fluss-km: 8.04)",39.5141935483871,39.43,39.6
5864800,2020,2020 - 2029,01,"Wuhletal (Wuhle, id: 5864800, fluss-km: 8.04)",39.43961290322581,39.4,39.5
5864800,2020,2020 - 2029,02,"Wuhletal (Wuhle, id: 5864800, fluss-km: 8.04)",39.46528169014084,39.41,39.5495
5864800,2020,2020 - 2029,03,"Wuhletal (Wuhle, id: 5864800, fluss-km: 8.04)",39.442,39.4,39.51
5864800,2020,2020 - 2029,04,"Wuhletal (Wuhle, id: 5864800, fluss-km: 8.04)",39.42842519685039,39.39,39.486999999999995
5864800,2020,2020 - 2029,05,"Wuhletal (Wuhle, id: 5864800, fluss-km: 8.04)",39.41782258064516,39.379999999999995,39.489999999999995
5864800,2020,2020 - 2029,06,"Wuhletal (Wuhle, id: 5864800, fluss-km: 8.04)",39.41041666666666,39.35,39.491499999999995
5864800,2020,2020 - 2029,07,"Wuhletal (Wuhle, id: 5864800, fluss-km: 8.04)",39.4125,39.3615,39.5325
5864800,2020,2020 - 2029,08,"Wuhletal (Wuhle, id: 5864800, fluss-km: 8.04)",39.38266129032258,39.26,39.47
5864800,2020,2020 - 2029,09,"Wuhletal (Wuhle, id: 5864800, fluss-km: 8.04)",39.385,39.279500000000006,39.46
5864800,2020,2020 - 2029,10,"Wuhletal (Wuhle, id: 5864800, fluss-km: 8.04)",39.4083064516129,39.37,39.47
5864800,2020,2020 - 2029,11,"Wuhletal (Wuhle, id: 5864800, fluss-km: 8.04)",39.413666666666664,39.3595,39.5005
5864800,2020,2020 - 2029,12,"Wuhletal (Wuhle, id: 5864800, fluss-km: 8.04)",39.43088709677419,39.3815,39.55
5864801,2010,2010 - 2019,01,"Am Kienberg (Hellersdorfer Graben, id: 5864801, fluss-km: 0.26)",43.96924731182796,43.92,44.04
5864801,2010,2010 - 2019,02,"Am Kienberg (Hellersdorfer Graben, id: 5864801, fluss-km: 0.26)",43.96642857142857,43.92,44.04
5864801,2010,2010 - 2019,03,"Am Kienberg (Hellersdorfer Graben, id: 5864801, fluss-km: 0.26)",43.96817204301075,43.92,44.03
5864801,2010,2010 - 2019,04,"Am Kienberg (Hellersdorfer Graben, id: 5864801, fluss-km: 0.26)",43.96222222222222,43.92,44.04
5864801,2010,2010 - 2019,05,"Am Kienberg (Hellersdorfer Graben, id: 5864801, fluss-km: 0.26)",43.941935483870964,43.92,43.99
5864801,2010,2010 - 2019,06,"Am Kienberg (Hellersdorfer Graben, id: 5864801, fluss-km: 0.26)",43.943,43.92,43.9955
5864801,2010,2010 - 2019,07,"Am Kienberg (Hellersdorfer Graben, id: 5864801, fluss-km: 0.26)",43.95080459770115,43.92,44.051
5864801,2010,2010 - 2019,08,"Am Kienberg (Hellersdorfer Graben, id: 5864801, fluss-km: 0.26)",43.935434782608695,43.92,43.9745
5864801,2010,2010 - 2019,09,"Am Kienberg (Hellersdorfer Graben, id: 5864801, fluss-km: 0.26)",43.934666666666665,43.92,43.9955
5864801,2010,2010 - 2019,10,"Am Kienberg (Hellersdorfer Graben, id: 5864801, fluss-km: 0.26)",43.94204301075269,43.92,44.004
5864801,2010,2010 - 2019,11,"Am Kienberg (Hellersdorfer Graben, id: 5864801, fluss-km: 0.26)",43.94075,43.91,43.99
5864801,2010,2010 - 2019,12,"Am Kienberg (Hellersdorfer Graben, id: 5864801, fluss-km: 0.26)",43.95129032258065,43.92,44.01
5864801,2020,2020 - 2029,01,"Am Kienberg (Hellersdorfer Graben, id: 5864801, fluss-km: 0.26)",43.96187096774194,43.927,44.013
5864801,2020,2020 - 2029,02,"Am Kienberg (Hellersdorfer Graben, id: 5864801, fluss-km: 0.26)",43.973239436619714,43.94,44.03
5864801,2020,2020 - 2029,03,"Am Kienberg (Hellersdorfer Graben, id: 5864801, fluss-km: 0.26)",43.958,43.93,44.01
5864801,2020,2020 - 2029,04,"Am Kienberg (Hellersdorfer Graben, id: 5864801, fluss-km: 0.26)",43.95267716535433,43.93,44.007
5864801,2020,2020 - 2029,05,"Am Kienberg (Hellersdorfer Graben, id: 5864801, fluss-km: 0.26)",43.94862903225806,43.93,43.9885
5864801,2020,2020 - 2029,06,"Am Kienberg (Hellersdorfer Graben, id: 5864801, fluss-km: 0.26)",43.95383333333333,43.93,44.01049999999999
5864801,2020,2020 - 2029,07,"Am Kienberg (Hellersdorfer Graben, id: 5864801, fluss-km: 0.26)",43.95233870967742,43.93,44
5864801,2020,2020 - 2029,08,"Am Kienberg (Hellersdorfer Graben, id: 5864801, fluss-km: 0.26)",43.949919354838705,43.92,43.99
5864801,2020,2020 - 2029,09,"Am Kienberg (Hellersdorfer Graben, id: 5864801, fluss-km: 0.26)",43.94508333333333,43.92,43.98049999999999
5864801,2020,2020 - 2029,10,"Am Kienberg (Hellersdorfer Graben, id: 5864801, fluss-km: 0.26)",43.95322580645161,43.93,44.01
5864801,2020,2020 - 2029,11,"Am Kienberg (Hellersdorfer Graben, id: 5864801, fluss-km: 0.26)",43.9475,43.92,44.01049999999999
5864801,2020,2020 - 2029,12,"Am Kienberg (Hellersdorfer Graben, id: 5864801, fluss-km: 0.26)",43.96433962264151,43.93,44.04
5865000,2010,2010 - 2019,11,"Honsfelder Brücke (Wuhle, id: 5865000, fluss-km: 5.80)",34.928,34.92,34.94
5865000,2010,2010 - 2019,12,"Honsfelder Brücke (Wuhle, id: 5865000, fluss-km: 5.80)",34.880322580645156,34.85,34.91
5865000,2020,2020 - 2029,01,"Honsfelder Brücke (Wuhle, id: 5865000, fluss-km: 5.80)",34.933178807947016,34.809999999999995,35.14
5865000,2020,2020 - 2029,02,"Honsfelder Brücke (Wuhle, id: 5865000, fluss-km: 5.80)",34.97808510638298,34.839999999999996,35.21
5865000,2020,2020 - 2029,03,"Honsfelder Brücke (Wuhle, id: 5865000, fluss-km: 5.80)",34.90743421052631,34.805499999999995,35.089
5865000,2020,2020 - 2029,04,"Honsfelder Brücke (Wuhle, id: 5865000, fluss-km: 5.80)",34.87838709677419,34.79,35.067
5865000,2020,2020 - 2029,05,"Honsfelder Brücke (Wuhle, id: 5865000, fluss-km: 5.80)",34.82713114754098,34.769999999999996,34.94899999999999
5865000,2020,2020 - 2029,06,"Honsfelder Brücke (Wuhle, id: 5865000, fluss-km: 5.80)",34.83091666666667,34.74,35.022
5865000,2020,2020 - 2029,07,"Honsfelder Brücke (Wuhle, id: 5865000, fluss-km: 5.80)",34.86983739837398,34.75,35.108000000000004
5865000,2020,2020 - 2029,08,"Honsfelder Brücke (Wuhle, id: 5865000, fluss-km: 5.80)",34.873145161290324,34.7415,35.1385
5865000,2020,2020 - 2029,09,"Honsfelder Brücke (Wuhle, id: 5865000, fluss-km: 5.80)",34.82228813559322,34.74,34.98
5865000,2020,2020 - 2029,10,"Honsfelder Brücke (Wuhle, id: 5865000, fluss-km: 5.80)",34.86560975609756,34.74,35.119
5865000,2020,2020 - 2029,11,"Honsfelder Brücke (Wuhle, id: 5865000, fluss-km: 5.80)",34.86866666666666,34.75,35.2005
5865000,2020,2020 - 2029,12,"Honsfelder Brücke (Wuhle, id: 5865000, fluss-km: 5.80)",34.939268292682925,34.75,35.299
5865200,2010,2010 - 2019,01,"Hoppendorfer Straße (Wuhle, id: 5865200, fluss-km: 2.90)",32.38833333333333,32.3485,32.4835
5865200,2010,2010 - 2019,02,"Hoppendorfer Straße (Wuhle, id: 5865200, fluss-km: 2.90)",32.373125,32.35,32.41
5865200,2010,2010 - 2019,03,"Hoppendorfer Straße (Wuhle, id: 5865200, fluss-km: 2.90)",32.391714285714286,32.36,32.461999999999996
5865200,2010,2010 - 2019,04,"Hoppendorfer Straße (Wuhle, id: 5865200, fluss-km: 2.90)",32.36677419354839,32.355000000000004,32.379999999999995
5865200,2010,2010 - 2019,05,"Hoppendorfer Straße (Wuhle, id: 5865200, fluss-km: 2.90)",32.39176470588235,32.37,32.433499999999995
5865200,2010,2010 - 2019,06,"Hoppendorfer Straße (Wuhle, id: 5865200, fluss-km: 2.90)",32.42676470588235,32.379999999999995,32.5605
5865200,2010,2010 - 2019,07,"Hoppendorfer Straße (Wuhle, id: 5865200, fluss-km: 2.90)",32.379062499999996,32.36,32.42
5865200,2010,2010 - 2019,08,"Hoppendorfer Straße (Wuhle, id: 5865200, fluss-km: 2.90)",32.351142857142854,32.306999999999995,32.415
5865200,2010,2010 - 2019,09,"Hoppendorfer Straße (Wuhle, id: 5865200, fluss-km: 2.90)",32.375882352941176,32.3165,32.4135
5865200,2010,2010 - 2019,10,"Hoppendorfer Straße (Wuhle, id: 5865200, fluss-km: 2.90)",32.39027027027027,32.338,32.442
5865200,2010,2010 - 2019,11,"Hoppendorfer Straße (Wuhle, id: 5865200, fluss-km: 2.90)",32.38564102564102,32.35,32.431
5865200,2010,2010 - 2019,12,"Hoppendorfer Straße (Wuhle, id: 5865200, fluss-km: 2.90)",32.372571428571426,32.35,32.403
5865200,2020,2020 - 2029,01,"Hoppendorfer Straße (Wuhle, id: 5865200, fluss-km: 2.90)",32.37909677419355,32.339999999999996,32.452999999999996
5865200,2020,2020 - 2029,02,"Hoppendorfer Straße (Wuhle, id: 5865200, fluss-km: 2.90)",32.39253521126761,32.35,32.49
5865200,2020,2020 - 2029,03,"Hoppendorfer Straße (Wuhle, id: 5865200, fluss-km: 2.90)",32.379225806451615,32.35,32.433
5865200,2020,2020 - 2029,04,"Hoppendorfer Straße (Wuhle, id: 5865200, fluss-km: 2.90)",32.36984251968504,32.339999999999996,32.42
5865200,2020,2020 - 2029,05,"Hoppendorfer Straße (Wuhle, id: 5865200, fluss-km: 2.90)",32.369032258064514,32.341499999999996,32.3985
5865200,2020,2020 - 2029,06,"Hoppendorfer Straße (Wuhle, id: 5865200, fluss-km: 2.90)",32.35791666666667,32.32,32.4305
5865200,2020,2020 - 2029,07,"Hoppendorfer Straße (Wuhle, id: 5865200, fluss-km: 2.90)",32.3741935483871,32.311499999999995,32.5285
5865200,2020,2020 - 2029,08,"Hoppendorfer Straße (Wuhle, id: 5865200, fluss-km: 2.90)",32.36685483870968,32.309999999999995,32.46
5865200,2020,2020 - 2029,09,"Hoppendorfer Straße (Wuhle, id: 5865200, fluss-km: 2.90)",32.3645,32.33,32.3905
5865200,2020,2020 - 2029,10,"Hoppendorfer Straße (Wuhle, id: 5865200, fluss-km: 2.90)",32.372177419354834,32.339999999999996,32.4185
5865200,2020,2020 - 2029,11,"Hoppendorfer Straße (Wuhle, id: 5865200, fluss-km: 2.90)",32.37858333333333,32.339999999999996,32.449999999999996
5865200,2020,2020 - 2029,12,"Hoppendorfer Straße (Wuhle, id: 5865200, fluss-km: 2.90)",32.38879032258064,32.339999999999996,32.518499999999996
5865300,2000,2000 - 2009,01,"Am Bahndamm (Wuhle, id: 5865300, fluss-km: 0.85)",32.39465437788019,32.35,32.46
5865300,2000,2000 - 2009,02,"Am Bahndamm (Wuhle, id: 5865300, fluss-km: 0.85)",32.37838383838384,32.33,32.42
5865300,2000,2000 - 2009,03,"Am Bahndamm (Wuhle, id: 5865300, fluss-km: 0.85)",32.374930875576034,32.338,32.412
5865300,2000,2000 - 2009,04,"Am Bahndamm (Wuhle, id: 5865300, fluss-km: 0.85)",32.36990476190476,32.34,32.4
5865300,2000,2000 - 2009,05,"Am Bahndamm (Wuhle, id: 5865300, fluss-km: 0.85)",32.367004608294934,32.33,32.4
5865300,2000,2000 - 2009,06,"Am Bahndamm (Wuhle, id: 5865300, fluss-km: 0.85)",32.366,32.329499999999996,32.4005
5865300,2000,2000 - 2009,07,"Am Bahndamm (Wuhle, id: 5865300, fluss-km: 0.85)",32.37375,32.33,32.42
5865300,2000,2000 - 2009,08,"Am Bahndamm (Wuhle, id: 5865300, fluss-km: 0.85)",32.38165322580645,32.34,32.43
5865300,2000,2000 - 2009,09,"Am Bahndamm (Wuhle, id: 5865300, fluss-km: 0.85)",32.38004166666666,32.34,32.41
5865300,2000,2000 - 2009,10,"Am Bahndamm (Wuhle, id: 5865300, fluss-km: 0.85)",32.38725806451613,32.35,32.43
5865300,2000,2000 - 2009,11,"Am Bahndamm (Wuhle, id: 5865300, fluss-km: 0.85)",32.394958333333335,32.35,32.45
5865300,2000,2000 - 2009,12,"Am Bahndamm (Wuhle, id: 5865300, fluss-km: 0.85)",32.38491935483871,32.35,32.42
5865300,2010,2010 - 2019,01,"Am Bahndamm (Wuhle, id: 5865300, fluss-km: 0.85)",32.37561290322581,32.34,32.42
5865300,2010,2010 - 2019,02,"Am Bahndamm (Wuhle, id: 5865300, fluss-km: 0.85)",32.36748226950355,32.33,32.41
5865300,2010,2010 - 2019,03,"Am Bahndamm (Wuhle, id: 5865300, fluss-km: 0.85)",32.37106451612903,32.33,32.4155
5865300,2010,2010 - 2019,04,"Am Bahndamm (Wuhle, id: 5865300, fluss-km: 0.85)",32.366366666666664,32.33,32.4
5865300,2010,2010 - 2019,05,"Am Bahndamm (Wuhle, id: 5865300, fluss-km: 0.85)",32.36625806451613,32.33,32.4
5865300,2010,2010 - 2019,06,"Am Bahndamm (Wuhle, id: 5865300, fluss-km: 0.85)",32.368566666666666,32.32,32.42
5865300,2010,2010 - 2019,07,"Am Bahndamm (Wuhle, id: 5865300, fluss-km: 0.85)",32.37090322580645,32.32,32.42
5865300,2010,2010 - 2019,08,"Am Bahndamm (Wuhle, id: 5865300, fluss-km: 0.85)",32.360064516129036,32.31,32.41
5865300,2010,2010 - 2019,09,"Am Bahndamm (Wuhle, id: 5865300, fluss-km: 0.85)",32.3639,32.319500000000005,32.4
5865300,2010,2010 - 2019,10,"Am Bahndamm (Wuhle, id: 5865300, fluss-km: 0.85)",32.37051612903226,32.34,32.41
5865300,2010,2010 - 2019,11,"Am Bahndamm (Wuhle, id: 5865300, fluss-km: 0.85)",32.3749,32.35,32.42
5865300,2010,2010 - 2019,12,"Am Bahndamm (Wuhle, id: 5865300, fluss-km: 0.85)",32.371967741935485,32.34,32.4
5865300,2020,2020 - 2029,01,"Am Bahndamm (Wuhle, id: 5865300, fluss-km: 0.85)",32.354745762711865,32.33,32.38
5865300,2020,2020 - 2029,02,"Am Bahndamm (Wuhle, id: 5865300, fluss-km: 0.85)",32.35917647058824,32.34,32.39
5865300,2020,2020 - 2029,03,"Am Bahndamm (Wuhle, id: 5865300, fluss-km: 0.85)",32.35580645161291,32.33,32.38
5865300,2020,2020 - 2029,04,"Am Bahndamm (Wuhle, id: 5865300, fluss-km: 0.85)",32.348333333333336,32.32,32.37
5865300,2020,2020 - 2029,05,"Am Bahndamm (Wuhle, id: 5865300, fluss-km: 0.85)",32.34258064516129,32.32,32.37
5865300,2020,2020 - 2029,06,"Am Bahndamm (Wuhle, id: 5865300, fluss-km: 0.85)",32.32033333333333,32.29,32.34
5865300,2020,2020 - 2029,07,"Am Bahndamm (Wuhle, id: 5865300, fluss-km: 0.85)",32.3358064516129,32.29,32.38
5865300,2020,2020 - 2029,08,"Am Bahndamm (Wuhle, id: 5865300, fluss-km: 0.85)",32.31903225806452,32.29,32.37
5865300,2020,2020 - 2029,09,"Am Bahndamm (Wuhle, id: 5865300, fluss-km: 0.85)",32.343,32.32,32.37
5865300,2020,2020 - 2029,10,"Am Bahndamm (Wuhle, id: 5865300, fluss-km: 0.85)",32.34849462365592,32.33,32.37
5865300,2020,2020 - 2029,11,"Am Bahndamm (Wuhle, id: 5865300, fluss-km: 0.85)",32.351222222222226,32.33,32.391000000000005
5865300,2020,2020 - 2029,12,"Am Bahndamm (Wuhle, id: 5865300, fluss-km: 0.85)",32.34516129032258,32.33,32.37
5865900,1990,1990 - 1999,11,"Allee der Kosmonauten (M.-H.-Grenzgr., id: 5865900, fluss-km: 4.10)",45.757666666666665,45.730000000000004,45.79
5865900,1990,1990 - 1999,12,"Allee der Kosmonauten (M.-H.-Grenzgr., id: 5865900, fluss-km: 4.10)",45.85258064516129,45.745000000000005,46.005
5865900,2000,2000 - 2009,01,"Allee der Kosmonauten (M.-H.-Grenzgr., id: 5865900, fluss-km: 4.10)",45.86061290322581,45.74,46.07
5865900,2000,2000 - 2009,02,"Allee der Kosmonauten (M.-H.-Grenzgr., id: 5865900, fluss-km: 4.10)",45.86646643109541,45.76,46.059000000000005
5865900,2000,2000 - 2009,03,"Allee der Kosmonauten (M.-H.-Grenzgr., id: 5865900, fluss-km: 4.10)",45.871741935483875,45.77,46.02
5865900,2000,2000 - 2009,04,"Allee der Kosmonauten (M.-H.-Grenzgr., id: 5865900, fluss-km: 4.10)",45.83326666666667,45.730000000000004,45.9705
5865900,2000,2000 - 2009,05,"Allee der Kosmonauten (M.-H.-Grenzgr., id: 5865900, fluss-km: 4.10)",45.836129032258064,45.730000000000004,46.01
5865900,2000,2000 - 2009,06,"Allee der Kosmonauten (M.-H.-Grenzgr., id: 5865900, fluss-km: 4.10)",45.81946666666667,45.730000000000004,45.95
5865900,2000,2000 - 2009,07,"Allee der Kosmonauten (M.-H.-Grenzgr., id: 5865900, fluss-km: 4.10)",45.83161290322581,45.7145,46.01
5865900,2000,2000 - 2009,08,"Allee der Kosmonauten (M.-H.-Grenzgr., id: 5865900, fluss-km: 4.10)",45.812451612903224,45.6345,46.0155
5865900,2000,2000 - 2009,09,"Allee der Kosmonauten (M.-H.-Grenzgr., id: 5865900, fluss-km: 4.10)",45.8086,45.660000000000004,46.020500000000006
5865900,2000,2000 - 2009,10,"Allee der Kosmonauten (M.-H.-Grenzgr., id: 5865900, fluss-km: 4.10)",45.8041935483871,45.690000000000005,45.9755
5865900,2000,2000 - 2009,11,"Allee der Kosmonauten (M.-H.-Grenzgr., id: 5865900, fluss-km: 4.10)",45.8258,45.690000000000005,46.0005
5865900,2000,2000 - 2009,12,"Allee der Kosmonauten (M.-H.-Grenzgr., id: 5865900, fluss-km: 4.10)",45.81558064516129,45.71,45.97
5865900,2010,2010 - 2019,01,"Allee der Kosmonauten (M.-H.-Grenzgr., id: 5865900, fluss-km: 4.10)",45.712161290322584,45.6,45.88
5865900,2010,2010 - 2019,02,"Allee der Kosmonauten (M.-H.-Grenzgr., id: 5865900, fluss-km: 4.10)",45.68677304964539,45.620000000000005,45.7895
5865900,2010,2010 - 2019,03,"Allee der Kosmonauten (M.-H.-Grenzgr., id: 5865900, fluss-km: 4.10)",45.696129032258064,45.61,45.84
5865900,2010,2010 - 2019,04,"Allee der Kosmonauten (M.-H.-Grenzgr., id: 5865900, fluss-km: 4.10)",45.6764,45.6,45.800000000000004
5865900,2010,2010 - 2019,05,"Allee der Kosmonauten (M.-H.-Grenzgr., id: 5865900, fluss-km: 4.10)",45.66067741935484,45.6,45.79
5865900,2010,2010 - 2019,06,"Allee der Kosmonauten (M.-H.-Grenzgr., id: 5865900, fluss-km: 4.10)",45.6799,45.6,45.8215
5865900,2010,2010 - 2019,07,"Allee der Kosmonauten (M.-H.-Grenzgr., id: 5865900, fluss-km: 4.10)",45.71787096774194,45.6,45.9555
5865900,2010,2010 - 2019,08,"Allee der Kosmonauten (M.-H.-Grenzgr., id: 5865900, fluss-km: 4.10)",45.662129032258065,45.6,45.7855
5865900,2010,2010 - 2019,09,"Allee der Kosmonauten (M.-H.-Grenzgr., id: 5865900, fluss-km: 4.10)",45.661100000000005,45.6,45.800000000000004
5865900,2010,2010 - 2019,10,"Allee der Kosmonauten (M.-H.-Grenzgr., id: 5865900, fluss-km: 4.10)",45.67874193548387,45.6,45.89
5865900,2010,2010 - 2019,11,"Allee der Kosmonauten (M.-H.-Grenzgr., id: 5865900, fluss-km: 4.10)",45.69623333333333,45.6,45.9205
5865900,2010,2010 - 2019,12,"Allee der Kosmonauten (M.-H.-Grenzgr., id: 5865900, fluss-km: 4.10)",45.702387096774196,45.6,45.85
5865900,2020,2020 - 2029,01,"Allee der Kosmonauten (M.-H.-Grenzgr., id: 5865900, fluss-km: 4.10)",45.699612903225805,45.6,45.800000000000004
5865900,2020,2020 - 2029,02,"Allee der Kosmonauten (M.-H.-Grenzgr., id: 5865900, fluss-km: 4.10)",45.736408450704225,45.620000000000005,45.8995
5865900,2020,2020 - 2029,03,"Allee der Kosmonauten (M.-H.-Grenzgr., id: 5865900, fluss-km: 4.10)",45.68780645161291,45.61,45.803000000000004
5865900,2020,2020 - 2029,04,"Allee der Kosmonauten (M.-H.-Grenzgr., id: 5865900, fluss-km: 4.10)",45.67944881889764,45.61,45.800000000000004
5865900,2020,2020 - 2029,05,"Allee der Kosmonauten (M.-H.-Grenzgr., id: 5865900, fluss-km: 4.10)",45.668145161290326,45.6,45.798500000000004
5865900,2020,2020 - 2029,06,"Allee der Kosmonauten (M.-H.-Grenzgr., id: 5865900, fluss-km: 4.10)",45.66941666666667,45.6,45.8925
5865900,2020,2020 - 2029,07,"Allee der Kosmonauten (M.-H.-Grenzgr., id: 5865900, fluss-km: 4.10)",45.685,45.6,45.88
5865900,2020,2020 - 2029,08,"Allee der Kosmonauten (M.-H.-Grenzgr., id: 5865900, fluss-km: 4.10)",45.68072580645161,45.6,45.8285
5865900,2020,2020 - 2029,09,"Allee der Kosmonauten (M.-H.-Grenzgr., id: 5865900, fluss-km: 4.10)",45.654583333333335,45.6,45.78
5865900,2020,2020 - 2029,10,"Allee der Kosmonauten (M.-H.-Grenzgr., id: 5865900, fluss-km: 4.10)",45.700403225806454,45.61,45.82
5865900,2020,2020 - 2029,11,"Allee der Kosmonauten (M.-H.-Grenzgr., id: 5865900, fluss-km: 4.10)",45.694833333333335,45.6,45.8215
5865900,2020,2020 - 2029,12,"Allee der Kosmonauten (M.-H.-Grenzgr., id: 5865900, fluss-km: 4.10)",45.715241935483874,45.6,45.8585
5866301,2000,2000 - 2009,01,"Zoo (Landwehrkanal, id: 5866301, fluss-km: 1.90)",32.059498207885305,32,32.09
5866301,2000,2000 - 2009,02,"Zoo (Landwehrkanal, id: 5866301, fluss-km: 1.90)",32.0596062992126,32,32.09
5866301,2000,2000 - 2009,03,"Zoo (Landwehrkanal, id: 5866301, fluss-km: 1.90)",32.06437275985663,32,32.09
5866301,2000,2000 - 2009,04,"Zoo (Landwehrkanal, id: 5866301, fluss-km: 1.90)",32.06962962962963,32.010000000000005,32.1
5866301,2000,2000 - 2009,05,"Zoo (Landwehrkanal, id: 5866301, fluss-km: 1.90)",32.06551971326165,32.010000000000005,32.091
5866301,2000,2000 - 2009,06,"Zoo (Landwehrkanal, id: 5866301, fluss-km: 1.90)",32.06677777777778,32.010000000000005,32.1
5866301,2000,2000 - 2009,07,"Zoo (Landwehrkanal, id: 5866301, fluss-km: 1.90)",32.07731182795699,32.04900000000001,32.11
5866301,2000,2000 - 2009,08,"Zoo (Landwehrkanal, id: 5866301, fluss-km: 1.90)",32.07365591397849,32.04,32.09
5866301,2000,2000 - 2009,09,"Zoo (Landwehrkanal, id: 5866301, fluss-km: 1.90)",32.07351851851852,32.04,32.09
5866301,2000,2000 - 2009,10,"Zoo (Landwehrkanal, id: 5866301, fluss-km: 1.90)",32.06448028673835,32.010000000000005,32.09
5866301,2000,2000 - 2009,11,"Zoo (Landwehrkanal, id: 5866301, fluss-km: 1.90)",32.06366666666667,32,32.1
5866301,2000,2000 - 2009,12,"Zoo (Landwehrkanal, id: 5866301, fluss-km: 1.90)",32.05551612903226,32,32.09
5866301,2010,2010 - 2019,01,"Zoo (Landwehrkanal, id: 5866301, fluss-km: 1.90)",32.023161290322584,31.98,32.07
5866301,2010,2010 - 2019,02,"Zoo (Landwehrkanal, id: 5866301, fluss-km: 1.90)",32.021241134751776,31.970000000000002,32.07
5866301,2010,2010 - 2019,03,"Zoo (Landwehrkanal, id: 5866301, fluss-km: 1.90)",32.027193548387096,31.970000000000002,32.07
5866301,2010,2010 - 2019,04,"Zoo (Landwehrkanal, id: 5866301, fluss-km: 1.90)",32.03653333333334,32,32.08
5866301,2010,2010 - 2019,05,"Zoo (Landwehrkanal, id: 5866301, fluss-km: 1.90)",32.037064516129035,32.02,32.07
5866301,2010,2010 - 2019,06,"Zoo (Landwehrkanal, id: 5866301, fluss-km: 1.90)",32.03633333333334,32.02,32.06
5866301,2010,2010 - 2019,07,"Zoo (Landwehrkanal, id: 5866301, fluss-km: 1.90)",32.035225806451614,32.02,32.08
5866301,2010,2010 - 2019,08,"Zoo (Landwehrkanal, id: 5866301, fluss-km: 1.90)",32.0303870967742,32,32.050000000000004
5866301,2010,2010 - 2019,09,"Zoo (Landwehrkanal, id: 5866301, fluss-km: 1.90)",32.02656666666667,32,32.050000000000004
5866301,2010,2010 - 2019,10,"Zoo (Landwehrkanal, id: 5866301, fluss-km: 1.90)",32.02322580645161,31.990000000000002,32.0555
5866301,2010,2010 - 2019,11,"Zoo (Landwehrkanal, id: 5866301, fluss-km: 1.90)",32.0201,31.990000000000002,32.050000000000004
5866301,2010,2010 - 2019,12,"Zoo (Landwehrkanal, id: 5866301, fluss-km: 1.90)",32.02416129032258,31.98,32.07
5866301,2020,2020 - 2029,01,"Zoo (Landwehrkanal, id: 5866301, fluss-km: 1.90)",32.05625806451613,32.02,32.1
5866301,2020,2020 - 2029,02,"Zoo (Landwehrkanal, id: 5866301, fluss-km: 1.90)",32.053380281690146,32.03,32.0895
5866301,2020,2020 - 2029,03,"Zoo (Landwehrkanal, id: 5866301, fluss-km: 1.90)",32.05548387096774,32.03,32.07
5866301,2020,2020 - 2029,04,"Zoo (Landwehrkanal, id: 5866301, fluss-km: 1.90)",32.05307086614173,32.03,32.07
5866301,2020,2020 - 2029,05,"Zoo (Landwehrkanal, id: 5866301, fluss-km: 1.90)",32.05822580645162,32.04,32.0785
5866301,2020,2020 - 2029,06,"Zoo (Landwehrkanal, id: 5866301, fluss-km: 1.90)",32.063916666666664,32.04,32.08
5866301,2020,2020 - 2029,07,"Zoo (Landwehrkanal, id: 5866301, fluss-km: 1.90)",32.053629032258065,32.03,32.08
5866301,2020,2020 - 2029,08,"Zoo (Landwehrkanal, id: 5866301, fluss-km: 1.90)",32.04774193548387,32.03,32.08
5866301,2020,2020 - 2029,09,"Zoo (Landwehrkanal, id: 5866301, fluss-km: 1.90)",32.04475,32.02,32.07
5866301,2020,2020 - 2029,10,"Zoo (Landwehrkanal, id: 5866301, fluss-km: 1.90)",32.048951612903224,32.03,32.07
5866301,2020,2020 - 2029,11,"Zoo (Landwehrkanal, id: 5866301, fluss-km: 1.90)",32.050666666666665,32.03,32.07
5866301,2020,2020 - 2029,12,"Zoo (Landwehrkanal, id: 5866301, fluss-km: 1.90)",32.049516129032256,32.03,32.07
5866700,2000,2000 - 2009,01,"Schleuse Neukölln OP (Neuk. Schifffahrtskanal, id: 5866700, fluss-km: 3.25)",32.37119815668203,32.309999999999995,32.42
5866700,2000,2000 - 2009,02,"Schleuse Neukölln OP (Neuk. Schifffahrtskanal, id: 5866700, fluss-km: 3.25)",32.365050505050505,32.33,32.4
5866700,2000,2000 - 2009,03,"Schleuse Neukölln OP (Neuk. Schifffahrtskanal, id: 5866700, fluss-km: 3.25)",32.36175115207373,32.33,32.4
5866700,2000,2000 - 2009,04,"Schleuse Neukölln OP (Neuk. Schifffahrtskanal, id: 5866700, fluss-km: 3.25)",32.36180952380952,32.33,32.39
5866700,2000,2000 - 2009,05,"Schleuse Neukölln OP (Neuk. Schifffahrtskanal, id: 5866700, fluss-km: 3.25)",32.36658986175115,32.339999999999996,32.4
5866700,2000,2000 - 2009,06,"Schleuse Neukölln OP (Neuk. Schifffahrtskanal, id: 5866700, fluss-km: 3.25)",32.36358333333333,32.339999999999996,32.3905
5866700,2000,2000 - 2009,07,"Schleuse Neukölln OP (Neuk. Schifffahrtskanal, id: 5866700, fluss-km: 3.25)",32.365725806451614,32.339999999999996,32.39
5866700,2000,2000 - 2009,08,"Schleuse Neukölln OP (Neuk. Schifffahrtskanal, id: 5866700, fluss-km: 3.25)",32.373306451612905,32.339999999999996,32.4065
5866700,2000,2000 - 2009,09,"Schleuse Neukölln OP (Neuk. Schifffahrtskanal, id: 5866700, fluss-km: 3.25)",32.367958333333334,32.339999999999996,32.4
5866700,2000,2000 - 2009,10,"Schleuse Neukölln OP (Neuk. Schifffahrtskanal, id: 5866700, fluss-km: 3.25)",32.37040322580645,32.339999999999996,32.4
5866700,2000,2000 - 2009,11,"Schleuse Neukölln OP (Neuk. Schifffahrtskanal, id: 5866700, fluss-km: 3.25)",32.366166666666665,32.33,32.4
5866700,2000,2000 - 2009,12,"Schleuse Neukölln OP (Neuk. Schifffahrtskanal, id: 5866700, fluss-km: 3.25)",32.37012096774193,32.339999999999996,32.39
5866700,2010,2010 - 2019,01,"Schleuse Neukölln OP (Neuk. Schifffahrtskanal, id: 5866700, fluss-km: 3.25)",32.3398064516129,32.269999999999996,32.379999999999995
5866700,2010,2010 - 2019,02,"Schleuse Neukölln OP (Neuk. Schifffahrtskanal, id: 5866700, fluss-km: 3.25)",32.34609929078014,32.29,32.39
5866700,2010,2010 - 2019,03,"Schleuse Neukölln OP (Neuk. Schifffahrtskanal, id: 5866700, fluss-km: 3.25)",32.343709677419355,32.309999999999995,32.37
5866700,2010,2010 - 2019,04,"Schleuse Neukölln OP (Neuk. Schifffahrtskanal, id: 5866700, fluss-km: 3.25)",32.3499,32.32,32.379999999999995
5866700,2010,2010 - 2019,05,"Schleuse Neukölln OP (Neuk. Schifffahrtskanal, id: 5866700, fluss-km: 3.25)",32.3501935483871,32.32,32.379999999999995
5866700,2010,2010 - 2019,06,"Schleuse Neukölln OP (Neuk. Schifffahrtskanal, id: 5866700, fluss-km: 3.25)",32.351166666666664,32.32,32.379999999999995
5866700,2010,2010 - 2019,07,"Schleuse Neukölln OP (Neuk. Schifffahrtskanal, id: 5866700, fluss-km: 3.25)",32.35232258064516,32.309999999999995,32.39
5866700,2010,2010 - 2019,08,"Schleuse Neukölln OP (Neuk. Schifffahrtskanal, id: 5866700, fluss-km: 3.25)",32.345,32.309999999999995,32.39
5866700,2010,2010 - 2019,09,"Schleuse Neukölln OP (Neuk. Schifffahrtskanal, id: 5866700, fluss-km: 3.25)",32.3491,32.32,32.379999999999995
5866700,2010,2010 - 2019,10,"Schleuse Neukölln OP (Neuk. Schifffahrtskanal, id: 5866700, fluss-km: 3.25)",32.35212903225806,32.32,32.3855
5866700,2010,2010 - 2019,11,"Schleuse Neukölln OP (Neuk. Schifffahrtskanal, id: 5866700, fluss-km: 3.25)",32.35293333333333,32.3,32.39
5866700,2010,2010 - 2019,12,"Schleuse Neukölln OP (Neuk. Schifffahrtskanal, id: 5866700, fluss-km: 3.25)",32.34783870967742,32.28,32.39
5866700,2020,2020 - 2029,01,"Schleuse Neukölln OP (Neuk. Schifffahrtskanal, id: 5866700, fluss-km: 3.25)",32.330774193548386,32.29,32.35
5866700,2020,2020 - 2029,02,"Schleuse Neukölln OP (Neuk. Schifffahrtskanal, id: 5866700, fluss-km: 3.25)",32.32739436619718,32.29,32.35
5866700,2020,2020 - 2029,03,"Schleuse Neukölln OP (Neuk. Schifffahrtskanal, id: 5866700, fluss-km: 3.25)",32.33696774193548,32.32,32.35
5866700,2020,2020 - 2029,04,"Schleuse Neukölln OP (Neuk. Schifffahrtskanal, id: 5866700, fluss-km: 3.25)",32.33464566929134,32.312999999999995,32.35
5866700,2020,2020 - 2029,05,"Schleuse Neukölln OP (Neuk. Schifffahrtskanal, id: 5866700, fluss-km: 3.25)",32.33403225806452,32.311499999999995,32.35
5866700,2020,2020 - 2029,06,"Schleuse Neukölln OP (Neuk. Schifffahrtskanal, id: 5866700, fluss-km: 3.25)",32.315416666666664,32.28,32.3405
5866700,2020,2020 - 2029,07,"Schleuse Neukölln OP (Neuk. Schifffahrtskanal, id: 5866700, fluss-km: 3.25)",32.321854838709676,32.2815,32.3485
5866700,2020,2020 - 2029,08,"Schleuse Neukölln OP (Neuk. Schifffahrtskanal, id: 5866700, fluss-km: 3.25)",32.32354838709677,32.3,32.35
5866700,2020,2020 - 2029,09,"Schleuse Neukölln OP (Neuk. Schifffahrtskanal, id: 5866700, fluss-km: 3.25)",32.32991666666666,32.29,32.36
5866700,2020,2020 - 2029,10,"Schleuse Neukölln OP (Neuk. Schifffahrtskanal, id: 5866700, fluss-km: 3.25)",32.33887096774193,32.32,32.36
5866700,2020,2020 - 2029,11,"Schleuse Neukölln OP (Neuk. Schifffahrtskanal, id: 5866700, fluss-km: 3.25)",32.33833333333333,32.32,32.360499999999995
5866700,2020,2020 - 2029,12,"Schleuse Neukölln OP (Neuk. Schifffahrtskanal, id: 5866700, fluss-km: 3.25)",32.336693548387096,32.32,32.35
5866800,1960,1960 - 1969,01,"Schleuse Neukölln UP (Neuk. Schifffahrtskanal, id: 5866800, fluss-km: 3.10)",32.120931899641576,32.08,32.16
5866800,1960,1960 - 1969,02,"Schleuse Neukölln UP (Neuk. Schifffahrtskanal, id: 5866800, fluss-km: 3.10)",32.12066929133858,32.08,32.16
5866800,1960,1960 - 1969,03,"Schleuse Neukölln UP (Neuk. Schifffahrtskanal, id: 5866800, fluss-km: 3.10)",32.11336917562724,32.08,32.15
5866800,1960,1960 - 1969,04,"Schleuse Neukölln UP (Neuk. Schifffahrtskanal, id: 5866800, fluss-km: 3.10)",32.11918518518518,32.08,32.17
5866800,1960,1960 - 1969,05,"Schleuse Neukölln UP (Neuk. Schifffahrtskanal, id: 5866800, fluss-km: 3.10)",32.11243727598566,32.08,32.15
5866800,1960,1960 - 1969,06,"Schleuse Neukölln UP (Neuk. Schifffahrtskanal, id: 5866800, fluss-km: 3.10)",32.10637037037037,32.08,32.15
5866800,1960,1960 - 1969,07,"Schleuse Neukölln UP (Neuk. Schifffahrtskanal, id: 5866800, fluss-km: 3.10)",32.099820788530465,32.07,32.14
5866800,1960,1960 - 1969,08,"Schleuse Neukölln UP (Neuk. Schifffahrtskanal, id: 5866800, fluss-km: 3.10)",32.09770609318996,32.07,32.13099999999999
5866800,1960,1960 - 1969,09,"Schleuse Neukölln UP (Neuk. Schifffahrtskanal, id: 5866800, fluss-km: 3.10)",32.092888888888886,32.059999999999995,32.12
5866800,1960,1960 - 1969,10,"Schleuse Neukölln UP (Neuk. Schifffahrtskanal, id: 5866800, fluss-km: 3.10)",32.10229390681003,32.08,32.13099999999999
5866800,1960,1960 - 1969,11,"Schleuse Neukölln UP (Neuk. Schifffahrtskanal, id: 5866800, fluss-km: 3.10)",32.10993333333333,32.089999999999996,32.14
5866800,1960,1960 - 1969,12,"Schleuse Neukölln UP (Neuk. Schifffahrtskanal, id: 5866800, fluss-km: 3.10)",32.11674193548387,32.089999999999996,32.15
5866800,1970,1970 - 1979,01,"Schleuse Neukölln UP (Neuk. Schifffahrtskanal, id: 5866800, fluss-km: 3.10)",32.114064516129034,32.08,32.18
5866800,1970,1970 - 1979,02,"Schleuse Neukölln UP (Neuk. Schifffahrtskanal, id: 5866800, fluss-km: 3.10)",32.103581560283686,32.08,32.1395
5866800,1970,1970 - 1979,03,"Schleuse Neukölln UP (Neuk. Schifffahrtskanal, id: 5866800, fluss-km: 3.10)",32.114612903225805,32.089999999999996,32.16
5866800,1970,1970 - 1979,04,"Schleuse Neukölln UP (Neuk. Schifffahrtskanal, id: 5866800, fluss-km: 3.10)",32.116099999999996,32.08,32.17
5866800,1970,1970 - 1979,05,"Schleuse Neukölln UP (Neuk. Schifffahrtskanal, id: 5866800, fluss-km: 3.10)",32.10203225806451,32.07,32.14
5866800,1970,1970 - 1979,06,"Schleuse Neukölln UP (Neuk. Schifffahrtskanal, id: 5866800, fluss-km: 3.10)",32.09173333333333,31.979999999999997,32.14
5866800,1970,1970 - 1979,07,"Schleuse Neukölln UP (Neuk. Schifffahrtskanal, id: 5866800, fluss-km: 3.10)",32.088032258064516,32.0345,32.12
5866800,1970,1970 - 1979,08,"Schleuse Neukölln UP (Neuk. Schifffahrtskanal, id: 5866800, fluss-km: 3.10)",32.10064516129032,32.07,32.129999999999995
5866800,1970,1970 - 1979,09,"Schleuse Neukölln UP (Neuk. Schifffahrtskanal, id: 5866800, fluss-km: 3.10)",32.100966666666665,32.08,32.129999999999995
5866800,1970,1970 - 1979,10,"Schleuse Neukölln UP (Neuk. Schifffahrtskanal, id: 5866800, fluss-km: 3.10)",32.1058064516129,32.08,32.14
5866800,1970,1970 - 1979,11,"Schleuse Neukölln UP (Neuk. Schifffahrtskanal, id: 5866800, fluss-km: 3.10)",32.105199999999996,32.08,32.14
5866800,1970,1970 - 1979,12,"Schleuse Neukölln UP (Neuk. Schifffahrtskanal, id: 5866800, fluss-km: 3.10)",32.10541935483871,32.08,32.14
5866800,1980,1980 - 1989,01,"Schleuse Neukölln UP (Neuk. Schifffahrtskanal, id: 5866800, fluss-km: 3.10)",32.119032258064514,32.07,32.199999999999996
5866800,1980,1980 - 1989,02,"Schleuse Neukölln UP (Neuk. Schifffahrtskanal, id: 5866800, fluss-km: 3.10)",32.108445229681976,32.08,32.15
5866800,1980,1980 - 1989,03,"Schleuse Neukölln UP (Neuk. Schifffahrtskanal, id: 5866800, fluss-km: 3.10)",32.10264516129032,32.08,32.14
5866800,1980,1980 - 1989,04,"Schleuse Neukölln UP (Neuk. Schifffahrtskanal, id: 5866800, fluss-km: 3.10)",32.101933333333335,32.079499999999996,32.14
5866800,1980,1980 - 1989,05,"Schleuse Neukölln UP (Neuk. Schifffahrtskanal, id: 5866800, fluss-km: 3.10)",32.100967741935484,32.08,32.129999999999995
5866800,1980,1980 - 1989,06,"Schleuse Neukölln UP (Neuk. Schifffahrtskanal, id: 5866800, fluss-km: 3.10)",32.10346666666666,32.08,32.14
5866800,1980,1980 - 1989,07,"Schleuse Neukölln UP (Neuk. Schifffahrtskanal, id: 5866800, fluss-km: 3.10)",32.10138709677419,32.07,32.14
5866800,1980,1980 - 1989,08,"Schleuse Neukölln UP (Neuk. Schifffahrtskanal, id: 5866800, fluss-km: 3.10)",32.10070967741935,32.08,32.129999999999995
5866800,1980,1980 - 1989,09,"Schleuse Neukölln UP (Neuk. Schifffahrtskanal, id: 5866800, fluss-km: 3.10)",32.1029,32.08,32.15
5866800,1980,1980 - 1989,10,"Schleuse Neukölln UP (Neuk. Schifffahrtskanal, id: 5866800, fluss-km: 3.10)",32.091967741935484,32.059999999999995,32.1355
5866800,1980,1980 - 1989,11,"Schleuse Neukölln UP (Neuk. Schifffahrtskanal, id: 5866800, fluss-km: 3.10)",32.104366666666664,32.07,32.1505
5866800,1980,1980 - 1989,12,"Schleuse Neukölln UP (Neuk. Schifffahrtskanal, id: 5866800, fluss-km: 3.10)",32.1121935483871,32.08,32.19
5866800,1990,1990 - 1999,01,"Schleuse Neukölln UP (Neuk. Schifffahrtskanal, id: 5866800, fluss-km: 3.10)",32.11235483870968,32.08,32.16
5866800,1990,1990 - 1999,02,"Schleuse Neukölln UP (Neuk. Schifffahrtskanal, id: 5866800, fluss-km: 3.10)",32.118156028368794,32.08,32.17
5866800,1990,1990 - 1999,03,"Schleuse Neukölln UP (Neuk. Schifffahrtskanal, id: 5866800, fluss-km: 3.10)",32.10793548387097,32.059999999999995,32.16
5866800,1990,1990 - 1999,04,"Schleuse Neukölln UP (Neuk. Schifffahrtskanal, id: 5866800, fluss-km: 3.10)",32.109899999999996,32.07,32.17
5866800,1990,1990 - 1999,05,"Schleuse Neukölln UP (Neuk. Schifffahrtskanal, id: 5866800, fluss-km: 3.10)",32.09225806451613,32.05,32.14
5866800,1990,1990 - 1999,06,"Schleuse Neukölln UP (Neuk. Schifffahrtskanal, id: 5866800, fluss-km: 3.10)",32.090199999999996,32.059999999999995,32.12
5866800,1990,1990 - 1999,07,"Schleuse Neukölln UP (Neuk. Schifffahrtskanal, id: 5866800, fluss-km: 3.10)",32.08529032258065,32.0545,32.1155
5866800,1990,1990 - 1999,08,"Schleuse Neukölln UP (Neuk. Schifffahrtskanal, id: 5866800, fluss-km: 3.10)",32.078709677419354,32.04,32.1055
5866800,1990,1990 - 1999,09,"Schleuse Neukölln UP (Neuk. Schifffahrtskanal, id: 5866800, fluss-km: 3.10)",32.0866,32.059999999999995,32.11
5866800,1990,1990 - 1999,10,"Schleuse Neukölln UP (Neuk. Schifffahrtskanal, id: 5866800, fluss-km: 3.10)",32.08845161290322,32.05,32.12
5866800,1990,1990 - 1999,11,"Schleuse Neukölln UP (Neuk. Schifffahrtskanal, id: 5866800, fluss-km: 3.10)",32.09696666666667,32.059999999999995,32.12
5866800,1990,1990 - 1999,12,"Schleuse Neukölln UP (Neuk. Schifffahrtskanal, id: 5866800, fluss-km: 3.10)",32.10612903225806,32.08,32.15
5866800,2000,2000 - 2009,01,"Schleuse Neukölln UP (Neuk. Schifffahrtskanal, id: 5866800, fluss-km: 3.10)",32.0844,32.04,32.12
5866800,2000,2000 - 2009,02,"Schleuse Neukölln UP (Neuk. Schifffahrtskanal, id: 5866800, fluss-km: 3.10)",32.08571428571428,32.035,32.12
5866800,2000,2000 - 2009,03,"Schleuse Neukölln UP (Neuk. Schifffahrtskanal, id: 5866800, fluss-km: 3.10)",32.0894861660079,32.019999999999996,32.14
5866800,2000,2000 - 2009,04,"Schleuse Neukölln UP (Neuk. Schifffahrtskanal, id: 5866800, fluss-km: 3.10)",32.096382113821136,32.03,32.15
5866800,2000,2000 - 2009,05,"Schleuse Neukölln UP (Neuk. Schifffahrtskanal, id: 5866800, fluss-km: 3.10)",32.07436781609195,32.01,32.129999999999995
5866800,2000,2000 - 2009,06,"Schleuse Neukölln UP (Neuk. Schifffahrtskanal, id: 5866800, fluss-km: 3.10)",32.085650557620816,32.03,32.15
5866800,2000,2000 - 2009,07,"Schleuse Neukölln UP (Neuk. Schifffahrtskanal, id: 5866800, fluss-km: 3.10)",32.08288888888889,32.05,32.12
5866800,2000,2000 - 2009,08,"Schleuse Neukölln UP (Neuk. Schifffahrtskanal, id: 5866800, fluss-km: 3.10)",32.08698924731183,32.05,32.14
5866800,2000,2000 - 2009,09,"Schleuse Neukölln UP (Neuk. Schifffahrtskanal, id: 5866800, fluss-km: 3.10)",32.077654320987655,32.05,32.1
5866800,2000,2000 - 2009,10,"Schleuse Neukölln UP (Neuk. Schifffahrtskanal, id: 5866800, fluss-km: 3.10)",32.073855421686744,32.019999999999996,32.106
5866800,2000,2000 - 2009,11,"Schleuse Neukölln UP (Neuk. Schifffahrtskanal, id: 5866800, fluss-km: 3.10)",32.0785,32.019999999999996,32.12
5866800,2000,2000 - 2009,12,"Schleuse Neukölln UP (Neuk. Schifffahrtskanal, id: 5866800, fluss-km: 3.10)",32.07175627240143,32.019999999999996,32.11
5866800,2010,2010 - 2019,01,"Schleuse Neukölln UP (Neuk. Schifffahrtskanal, id: 5866800, fluss-km: 3.10)",32.02739299610895,31.959999999999997,32.07
5866800,2010,2010 - 2019,02,"Schleuse Neukölln UP (Neuk. Schifffahrtskanal, id: 5866800, fluss-km: 3.10)",32.02225531914893,31.959999999999997,32.07
5866800,2010,2010 - 2019,03,"Schleuse Neukölln UP (Neuk. Schifffahrtskanal, id: 5866800, fluss-km: 3.10)",32.03200772200772,31.97,32.089999999999996
5866800,2010,2010 - 2019,04,"Schleuse Neukölln UP (Neuk. Schifffahrtskanal, id: 5866800, fluss-km: 3.10)",32.04612,32,32.1
5866800,2010,2010 - 2019,05,"Schleuse Neukölln UP (Neuk. Schifffahrtskanal, id: 5866800, fluss-km: 3.10)",32.03803571428571,31.99,32.1
5866800,2010,2010 - 2019,06,"Schleuse Neukölln UP (Neuk. Schifffahrtskanal, id: 5866800, fluss-km: 3.10)",32.03514492753623,31.979999999999997,32.07
5866800,2010,2010 - 2019,07,"Schleuse Neukölln UP (Neuk. Schifffahrtskanal, id: 5866800, fluss-km: 3.10)",32.03152482269503,31.99,32.07
5866800,2010,2010 - 2019,08,"Schleuse Neukölln UP (Neuk. Schifffahrtskanal, id: 5866800, fluss-km: 3.10)",32.038521126760564,32,32.07
5866800,2010,2010 - 2019,09,"Schleuse Neukölln UP (Neuk. Schifffahrtskanal, id: 5866800, fluss-km: 3.10)",32.030695970695966,31.976,32.07
5866800,2010,2010 - 2019,10,"Schleuse Neukölln UP (Neuk. Schifffahrtskanal, id: 5866800, fluss-km: 3.10)",32.02906976744186,31.9685,32.07
5866800,2010,2010 - 2019,11,"Schleuse Neukölln UP (Neuk. Schifffahrtskanal, id: 5866800, fluss-km: 3.10)",32.02400809716599,31.97,32.059999999999995
5866800,2010,2010 - 2019,12,"Schleuse Neukölln UP (Neuk. Schifffahrtskanal, id: 5866800, fluss-km: 3.10)",32.026984126984125,31.97,32.07
5866800,2020,2020 - 2029,01,"Schleuse Neukölln UP (Neuk. Schifffahrtskanal, id: 5866800, fluss-km: 3.10)",32.052516129032256,32.03,32.07
5866800,2020,2020 - 2029,02,"Schleuse Neukölln UP (Neuk. Schifffahrtskanal, id: 5866800, fluss-km: 3.10)",32.048943661971826,32.019999999999996,32.07
5866800,2020,2020 - 2029,03,"Schleuse Neukölln UP (Neuk. Schifffahrtskanal, id: 5866800, fluss-km: 3.10)",32.053548387096775,32.03,32.07
5866800,2020,2020 - 2029,04,"Schleuse Neukölln UP (Neuk. Schifffahrtskanal, id: 5866800, fluss-km: 3.10)",32.0563779527559,32.033,32.07
5866800,2020,2020 - 2029,05,"Schleuse Neukölln UP (Neuk. Schifffahrtskanal, id: 5866800, fluss-km: 3.10)",32.05322580645161,32.04,32.07
5866800,2020,2020 - 2029,06,"Schleuse Neukölln UP (Neuk. Schifffahrtskanal, id: 5866800, fluss-km: 3.10)",32.05775,32.03,32.08
5866800,2020,2020 - 2029,07,"Schleuse Neukölln UP (Neuk. Schifffahrtskanal, id: 5866800, fluss-km: 3.10)",32.04677419354839,32.03,32.059999999999995
5866800,2020,2020 - 2029,08,"Schleuse Neukölln UP (Neuk. Schifffahrtskanal, id: 5866800, fluss-km: 3.10)",32.0466935483871,32.03,32.07
5866800,2020,2020 - 2029,09,"Schleuse Neukölln UP (Neuk. Schifffahrtskanal, id: 5866800, fluss-km: 3.10)",32.0505,32.03,32.089999999999996
5866800,2020,2020 - 2029,10,"Schleuse Neukölln UP (Neuk. Schifffahrtskanal, id: 5866800, fluss-km: 3.10)",32.049758064516126,32.04,32.059999999999995
5866800,2020,2020 - 2029,11,"Schleuse Neukölln UP (Neuk. Schifffahrtskanal, id: 5866800, fluss-km: 3.10)",32.05433333333333,32.04,32.07
5866800,2020,2020 - 2029,12,"Schleuse Neukölln UP (Neuk. Schifffahrtskanal, id: 5866800, fluss-km: 3.10)",32.053870967741936,32.04,32.07
5867000,1990,1990 - 1999,01,"Röntgental (Panke, id: 5867000, fluss-km: 17.80)",56.89459677419355,56.81150000000001,56.9885
5867000,1990,1990 - 1999,02,"Röntgental (Panke, id: 5867000, fluss-km: 17.80)",56.905221238938054,56.78,57.058
5867000,1990,1990 - 1999,03,"Röntgental (Panke, id: 5867000, fluss-km: 17.80)",56.89951612903226,56.81,56.99
5867000,1990,1990 - 1999,04,"Röntgental (Panke, id: 5867000, fluss-km: 17.80)",56.8695,56.819500000000005,56.940000000000005
5867000,1990,1990 - 1999,05,"Röntgental (Panke, id: 5867000, fluss-km: 17.80)",56.836048387096774,56.77,56.910000000000004
5867000,1990,1990 - 1999,06,"Röntgental (Panke, id: 5867000, fluss-km: 17.80)",56.821333333333335,56.71,56.931000000000004
5867000,1990,1990 - 1999,07,"Röntgental (Panke, id: 5867000, fluss-km: 17.80)",56.90572580645161,56.81,57.075500000000005
5867000,1990,1990 - 1999,08,"Röntgental (Panke, id: 5867000, fluss-km: 17.80)",56.888306451612905,56.760000000000005,57
5867000,1990,1990 - 1999,09,"Röntgental (Panke, id: 5867000, fluss-km: 17.80)",56.91858333333334,56.760000000000005,57.031
5867000,1990,1990 - 1999,10,"Röntgental (Panke, id: 5867000, fluss-km: 17.80)",56.97393548387097,56.877,57.141999999999996
5867000,1990,1990 - 1999,11,"Röntgental (Panke, id: 5867000, fluss-km: 17.80)",56.96393333333334,56.84,57.1655
5867000,1990,1990 - 1999,12,"Röntgental (Panke, id: 5867000, fluss-km: 17.80)",56.95425806451613,56.86,57.06
5867000,2000,2000 - 2009,01,"Röntgental (Panke, id: 5867000, fluss-km: 17.80)",56.81174193548387,56.664500000000004,57.010000000000005
5867000,2000,2000 - 2009,02,"Röntgental (Panke, id: 5867000, fluss-km: 17.80)",56.82381625441696,56.68,57.03
5867000,2000,2000 - 2009,03,"Röntgental (Panke, id: 5867000, fluss-km: 17.80)",56.81774193548387,56.71,57.03
5867000,2000,2000 - 2009,04,"Röntgental (Panke, id: 5867000, fluss-km: 17.80)",56.76996666666667,56.650000000000006,56.970000000000006
5867000,2000,2000 - 2009,05,"Röntgental (Panke, id: 5867000, fluss-km: 17.80)",56.743903225806456,56.650000000000006,56.86
5867000,2000,2000 - 2009,06,"Röntgental (Panke, id: 5867000, fluss-km: 17.80)",56.74823333333334,56.660000000000004,56.85
5867000,2000,2000 - 2009,07,"Röntgental (Panke, id: 5867000, fluss-km: 17.80)",56.81267741935484,56.67,57.075500000000005
5867000,2000,2000 - 2009,08,"Röntgental (Panke, id: 5867000, fluss-km: 17.80)",56.84548387096775,56.64,57.09
5867000,2000,2000 - 2009,09,"Röntgental (Panke, id: 5867000, fluss-km: 17.80)",56.859366666666666,56.67,57.09
5867000,2000,2000 - 2009,10,"Röntgental (Panke, id: 5867000, fluss-km: 17.80)",56.773580645161296,56.660000000000004,56.941
5867000,2000,2000 - 2009,11,"Röntgental (Panke, id: 5867000, fluss-km: 17.80)",56.7659,56.68,56.870000000000005
5867000,2000,2000 - 2009,12,"Röntgental (Panke, id: 5867000, fluss-km: 17.80)",56.76216129032258,56.690000000000005,56.88
5867000,2010,2010 - 2019,01,"Röntgental (Panke, id: 5867000, fluss-km: 17.80)",56.91674193548387,56.694500000000005,57.190000000000005
5867000,2010,2010 - 2019,02,"Röntgental (Panke, id: 5867000, fluss-km: 17.80)",56.881843971631206,56.68,57.080000000000005
5867000,2010,2010 - 2019,03,"Röntgental (Panke, id: 5867000, fluss-km: 17.80)",56.85916129032258,56.7345,57.0055
5867000,2010,2010 - 2019,04,"Röntgental (Panke, id: 5867000, fluss-km: 17.80)",56.8337,56.690000000000005,56.990500000000004
5867000,2010,2010 - 2019,05,"Röntgental (Panke, id: 5867000, fluss-km: 17.80)",56.828870967741935,56.68,57.010000000000005
5867000,2010,2010 - 2019,06,"Röntgental (Panke, id: 5867000, fluss-km: 17.80)",56.86746666666667,56.660000000000004,57.07
5867000,2010,2010 - 2019,07,"Röntgental (Panke, id: 5867000, fluss-km: 17.80)",56.89283870967742,56.650000000000006,57.161
5867000,2010,2010 - 2019,08,"Röntgental (Panke, id: 5867000, fluss-km: 17.80)",56.87074193548387,56.68,57.1455
5867000,2010,2010 - 2019,09,"Röntgental (Panke, id: 5867000, fluss-km: 17.80)",56.83206666666667,56.71,56.9805
5867000,2010,2010 - 2019,10,"Röntgental (Panke, id: 5867000, fluss-km: 17.80)",56.86387096774194,56.730000000000004,57.09
5867000,2010,2010 - 2019,11,"Röntgental (Panke, id: 5867000, fluss-km: 17.80)",56.89463333333334,56.7795,57.14
5867000,2010,2010 - 2019,12,"Röntgental (Panke, id: 5867000, fluss-km: 17.80)",56.913580645161296,56.800000000000004,57.13
5867000,2020,2020 - 2029,01,"Röntgental (Panke, id: 5867000, fluss-km: 17.80)",56.86793548387097,56.82,56.980000000000004
5867000,2020,2020 - 2029,02,"Röntgental (Panke, id: 5867000, fluss-km: 17.80)",56.901830985915495,56.800000000000004,57.04950000000001
5867000,2020,2020 - 2029,03,"Röntgental (Panke, id: 5867000, fluss-km: 17.80)",56.87909677419355,56.78,56.983000000000004
5867000,2020,2020 - 2029,04,"Röntgental (Panke, id: 5867000, fluss-km: 17.80)",56.85433070866142,56.760000000000005,56.96
5867000,2020,2020 - 2029,05,"Röntgental (Panke, id: 5867000, fluss-km: 17.80)",56.835,56.760000000000005,56.92
5867000,2020,2020 - 2029,06,"Röntgental (Panke, id: 5867000, fluss-km: 17.80)",56.76775,56.690000000000005,56.88
5867000,2020,2020 - 2029,07,"Röntgental (Panke, id: 5867000, fluss-km: 17.80)",56.770483870967745,56.68,56.870000000000005
5867000,2020,2020 - 2029,08,"Röntgental (Panke, id: 5867000, fluss-km: 17.80)",56.75,56.63,56.898500000000006
5867000,2020,2020 - 2029,09,"Röntgental (Panke, id: 5867000, fluss-km: 17.80)",56.75666666666667,56.690000000000005,56.84
5867000,2020,2020 - 2029,10,"Röntgental (Panke, id: 5867000, fluss-km: 17.80)",56.79016129032258,56.730000000000004,56.868500000000004
5867000,2020,2020 - 2029,11,"Röntgental (Panke, id: 5867000, fluss-km: 17.80)",56.82758333333334,56.75,56.910000000000004
5867000,2020,2020 - 2029,12,"Röntgental (Panke, id: 5867000, fluss-km: 17.80)",56.84693548387097,56.760000000000005,57.0355
5867001,2010,2010 - 2019,02,"Wiltbergstraße (Panke, id: 5867001, fluss-km: 15.50)",52.378461538461536,52.3625,52.397499999999994
5867001,2010,2010 - 2019,03,"Wiltbergstraße (Panke, id: 5867001, fluss-km: 15.50)",52.394838709677416,52.36,52.44499999999999
5867001,2010,2010 - 2019,04,"Wiltbergstraße (Panke, id: 5867001, fluss-km: 15.50)",52.361,52.3445,52.375499999999995
5867001,2010,2010 - 2019,05,"Wiltbergstraße (Panke, id: 5867001, fluss-km: 15.50)",52.33516129032258,52.309999999999995,52.36
5867001,2010,2010 - 2019,06,"Wiltbergstraße (Panke, id: 5867001, fluss-km: 15.50)",52.343333333333334,52.284499999999994,52.427499999999995
5867001,2010,2010 - 2019,07,"Wiltbergstraße (Panke, id: 5867001, fluss-km: 15.50)",52.280322580645155,52.25,52.325
5867001,2010,2010 - 2019,08,"Wiltbergstraße (Panke, id: 5867001, fluss-km: 15.50)",52.30193548387096,52.26,52.4
5867001,2010,2010 - 2019,09,"Wiltbergstraße (Panke, id: 5867001, fluss-km: 15.50)",52.28033333333333,52.2545,52.36
5867001,2010,2010 - 2019,10,"Wiltbergstraße (Panke, id: 5867001, fluss-km: 15.50)",52.35290322580645,52.33,52.394999999999996
5867001,2010,2010 - 2019,11,"Wiltbergstraße (Panke, id: 5867001, fluss-km: 15.50)",52.37033333333333,52.3445,52.3955
5867001,2010,2010 - 2019,12,"Wiltbergstraße (Panke, id: 5867001, fluss-km: 15.50)",52.376451612903224,52.36,52.394999999999996
5867001,2020,2020 - 2029,01,"Wiltbergstraße (Panke, id: 5867001, fluss-km: 15.50)",52.37812903225806,52.349999999999994,52.422999999999995
5867001,2020,2020 - 2029,02,"Wiltbergstraße (Panke, id: 5867001, fluss-km: 15.50)",52.40161971830986,52.349999999999994,52.4695
5867001,2020,2020 - 2029,03,"Wiltbergstraße (Panke, id: 5867001, fluss-km: 15.50)",52.38451612903226,52.339999999999996,52.43
5867001,2020,2020 - 2029,04,"Wiltbergstraße (Panke, id: 5867001, fluss-km: 15.50)",52.365511811023616,52.339999999999996,52.4
5867001,2020,2020 - 2029,05,"Wiltbergstraße (Panke, id: 5867001, fluss-km: 15.50)",52.324677419354835,52.3,52.36
5867001,2020,2020 - 2029,06,"Wiltbergstraße (Panke, id: 5867001, fluss-km: 15.50)",52.281499999999994,52.23,52.3705
5867001,2020,2020 - 2029,07,"Wiltbergstraße (Panke, id: 5867001, fluss-km: 15.50)",52.27766129032258,52.2215,52.349999999999994
5867001,2020,2020 - 2029,08,"Wiltbergstraße (Panke, id: 5867001, fluss-km: 15.50)",52.258790322580644,52.19,52.338499999999996
5867001,2020,2020 - 2029,09,"Wiltbergstraße (Panke, id: 5867001, fluss-km: 15.50)",52.27058333333333,52.23,52.32
5867001,2020,2020 - 2029,10,"Wiltbergstraße (Panke, id: 5867001, fluss-km: 15.50)",52.30137096774193,52.25,52.378499999999995
5867001,2020,2020 - 2029,11,"Wiltbergstraße (Panke, id: 5867001, fluss-km: 15.50)",52.336,52.269999999999996,52.41
5867001,2020,2020 - 2029,12,"Wiltbergstraße (Panke, id: 5867001, fluss-km: 15.50)",52.35653225806451,52.281499999999994,52.449999999999996
5867003,2010,2010 - 2019,01,"Blankenfelde (Blankenfelder Graben, id: 5867003, fluss-km: NA)",48.12516129032258,47.96,48.5595
5867003,2010,2010 - 2019,02,"Blankenfelde (Blankenfelder Graben, id: 5867003, fluss-km: NA)",48.136194690265484,47.96,48.629999999999995
5867003,2010,2010 - 2019,03,"Blankenfelde (Blankenfelder Graben, id: 5867003, fluss-km: NA)",48.13361344537815,47.949999999999996,48.463
5867003,2010,2010 - 2019,04,"Blankenfelde (Blankenfelder Graben, id: 5867003, fluss-km: NA)",48.17364406779661,48.03,48.436
5867003,2010,2010 - 2019,05,"Blankenfelde (Blankenfelder Graben, id: 5867003, fluss-km: NA)",48.19556451612903,48.059999999999995,48.582499999999996
5867003,2010,2010 - 2019,06,"Blankenfelde (Blankenfelder Graben, id: 5867003, fluss-km: NA)",48.16591666666667,47.949999999999996,48.491
5867003,2010,2010 - 2019,07,"Blankenfelde (Blankenfelder Graben, id: 5867003, fluss-km: NA)",48.11532258064516,47.92,48.518
5867003,2010,2010 - 2019,08,"Blankenfelde (Blankenfelder Graben, id: 5867003, fluss-km: NA)",48.06903225806452,47.86,48.2955
5867003,2010,2010 - 2019,09,"Blankenfelde (Blankenfelder Graben, id: 5867003, fluss-km: NA)",48.190533333333335,47.94,48.631
5867003,2010,2010 - 2019,10,"Blankenfelde (Blankenfelder Graben, id: 5867003, fluss-km: NA)",48.22374193548387,47.897,48.786
5867003,2010,2010 - 2019,11,"Blankenfelde (Blankenfelder Graben, id: 5867003, fluss-km: NA)",48.2328,47.86,48.7555
5867003,2010,2010 - 2019,12,"Blankenfelde (Blankenfelder Graben, id: 5867003, fluss-km: NA)",48.137032258064515,47.96,48.55
5867003,2020,2020 - 2029,01,"Blankenfelde (Blankenfelder Graben, id: 5867003, fluss-km: NA)",48.171677419354836,48.03,48.393
5867003,2020,2020 - 2029,02,"Blankenfelde (Blankenfelder Graben, id: 5867003, fluss-km: NA)",48.227183098591546,48.040499999999994,48.51
5867003,2020,2020 - 2029,03,"Blankenfelde (Blankenfelder Graben, id: 5867003, fluss-km: NA)",48.28,48.01,48.697
5867003,2020,2020 - 2029,04,"Blankenfelde (Blankenfelder Graben, id: 5867003, fluss-km: NA)",48.40795275590551,48.11,48.736999999999995
5867003,2020,2020 - 2029,05,"Blankenfelde (Blankenfelder Graben, id: 5867003, fluss-km: NA)",48.48443548387097,48.19,48.7855
5867003,2020,2020 - 2029,06,"Blankenfelde (Blankenfelder Graben, id: 5867003, fluss-km: NA)",48.547,48.14,48.98049999999999
5867003,2020,2020 - 2029,07,"Blankenfelde (Blankenfelder Graben, id: 5867003, fluss-km: NA)",48.57425,48.18,48.921
5867003,2020,2020 - 2029,08,"Blankenfelde (Blankenfelder Graben, id: 5867003, fluss-km: NA)",48.71943548387097,48.5615,49.0895
5867003,2020,2020 - 2029,09,"Blankenfelde (Blankenfelder Graben, id: 5867003, fluss-km: NA)",48.69563025210084,48.538999999999994,48.961999999999996
5867003,2020,2020 - 2029,10,"Blankenfelde (Blankenfelder Graben, id: 5867003, fluss-km: NA)",48.57814516129032,48.062999999999995,48.9785
5867003,2020,2020 - 2029,11,"Blankenfelde (Blankenfelder Graben, id: 5867003, fluss-km: NA)",48.329166666666666,48.01,48.739999999999995
5867003,2020,2020 - 2029,12,"Blankenfelde (Blankenfelder Graben, id: 5867003, fluss-km: NA)",48.2125,47.989999999999995,48.54
5867100,1990,1990 - 1999,11,"Krontaler Straße (Panke, id: 5867100, fluss-km: 11.40)",45.38166666666667,45.370000000000005,45.401
5867100,1990,1990 - 1999,12,"Krontaler Straße (Panke, id: 5867100, fluss-km: 11.40)",45.40903225806452,45.39,45.455
5867100,2000,2000 - 2009,01,"Krontaler Straße (Panke, id: 5867100, fluss-km: 11.40)",45.495483870967746,45.3845,45.64
5867100,2000,2000 - 2009,02,"Krontaler Straße (Panke, id: 5867100, fluss-km: 11.40)",45.5143816254417,45.42,45.64900000000001
5867100,2000,2000 - 2009,03,"Krontaler Straße (Panke, id: 5867100, fluss-km: 11.40)",45.53283870967742,45.410000000000004,45.690000000000005
5867100,2000,2000 - 2009,04,"Krontaler Straße (Panke, id: 5867100, fluss-km: 11.40)",45.48233333333334,45.39,45.650000000000006
5867100,2000,2000 - 2009,05,"Krontaler Straße (Panke, id: 5867100, fluss-km: 11.40)",45.49306451612903,45.400000000000006,45.64
5867100,2000,2000 - 2009,06,"Krontaler Straße (Panke, id: 5867100, fluss-km: 11.40)",45.5034,45.38,45.72050000000001
5867100,2000,2000 - 2009,07,"Krontaler Straße (Panke, id: 5867100, fluss-km: 11.40)",45.51832258064516,45.34,45.730000000000004
5867100,2000,2000 - 2009,08,"Krontaler Straße (Panke, id: 5867100, fluss-km: 11.40)",45.50793548387097,45.3845,45.690000000000005
5867100,2000,2000 - 2009,09,"Krontaler Straße (Panke, id: 5867100, fluss-km: 11.40)",45.49666666666667,45.39,45.590500000000006
5867100,2000,2000 - 2009,10,"Krontaler Straße (Panke, id: 5867100, fluss-km: 11.40)",45.48893548387097,45.43,45.5855
5867100,2000,2000 - 2009,11,"Krontaler Straße (Panke, id: 5867100, fluss-km: 11.40)",45.5095,45.39,45.740500000000004
5867100,2000,2000 - 2009,12,"Krontaler Straße (Panke, id: 5867100, fluss-km: 11.40)",45.49161290322581,45.3845,45.650000000000006
5867100,2010,2010 - 2019,01,"Krontaler Straße (Panke, id: 5867100, fluss-km: 11.40)",45.635129032258064,45.440000000000005,45.84
5867100,2010,2010 - 2019,02,"Krontaler Straße (Panke, id: 5867100, fluss-km: 11.40)",45.608865248226955,45.400000000000006,45.82
5867100,2010,2010 - 2019,03,"Krontaler Straße (Panke, id: 5867100, fluss-km: 11.40)",45.601451612903226,45.45,45.7855
5867100,2010,2010 - 2019,04,"Krontaler Straße (Panke, id: 5867100, fluss-km: 11.40)",45.607,45.440000000000005,45.78
5867100,2010,2010 - 2019,05,"Krontaler Straße (Panke, id: 5867100, fluss-km: 11.40)",45.619838709677424,45.46,45.760000000000005
5867100,2010,2010 - 2019,06,"Krontaler Straße (Panke, id: 5867100, fluss-km: 11.40)",45.65146666666667,45.480000000000004,45.800000000000004
5867100,2010,2010 - 2019,07,"Krontaler Straße (Panke, id: 5867100, fluss-km: 11.40)",45.67606451612904,45.39,45.910000000000004
5867100,2010,2010 - 2019,08,"Krontaler Straße (Panke, id: 5867100, fluss-km: 11.40)",45.68345161290323,45.4945,45.8355
5867100,2010,2010 - 2019,09,"Krontaler Straße (Panke, id: 5867100, fluss-km: 11.40)",45.63773333333334,45.46,45.86
5867100,2010,2010 - 2019,10,"Krontaler Straße (Panke, id: 5867100, fluss-km: 11.40)",45.62248387096774,45.45,45.996500000000005
5867100,2010,2010 - 2019,11,"Krontaler Straße (Panke, id: 5867100, fluss-km: 11.40)",45.6135,45.440000000000005,45.82
5867100,2010,2010 - 2019,12,"Krontaler Straße (Panke, id: 5867100, fluss-km: 11.40)",45.62532258064516,45.440000000000005,45.800000000000004
5867100,2020,2020 - 2029,01,"Krontaler Straße (Panke, id: 5867100, fluss-km: 11.40)",45.73122580645162,45.650000000000006,45.843
5867100,2020,2020 - 2029,02,"Krontaler Straße (Panke, id: 5867100, fluss-km: 11.40)",45.77014084507042,45.67,45.909000000000006
5867100,2020,2020 - 2029,03,"Krontaler Straße (Panke, id: 5867100, fluss-km: 11.40)",45.70296774193549,45.56,45.823
5867100,2020,2020 - 2029,04,"Krontaler Straße (Panke, id: 5867100, fluss-km: 11.40)",45.65015748031497,45.56,45.74
5867100,2020,2020 - 2029,05,"Krontaler Straße (Panke, id: 5867100, fluss-km: 11.40)",45.6141935483871,45.510000000000005,45.718500000000006
5867100,2020,2020 - 2029,06,"Krontaler Straße (Panke, id: 5867100, fluss-km: 11.40)",45.591750000000005,45.49,45.730000000000004
5867100,2020,2020 - 2029,07,"Krontaler Straße (Panke, id: 5867100, fluss-km: 11.40)",45.575725806451615,45.46,45.7085
5867100,2020,2020 - 2029,08,"Krontaler Straße (Panke, id: 5867100, fluss-km: 11.40)",45.52629032258065,45.440000000000005,45.6
5867100,2020,2020 - 2029,09,"Krontaler Straße (Panke, id: 5867100, fluss-km: 11.40)",45.53216666666667,45.45,45.57
5867100,2020,2020 - 2029,10,"Krontaler Straße (Panke, id: 5867100, fluss-km: 11.40)",45.57935483870968,45.480000000000004,45.718500000000006
5867100,2020,2020 - 2029,11,"Krontaler Straße (Panke, id: 5867100, fluss-km: 11.40)",45.660333333333334,45.470000000000006,45.8005
5867100,2020,2020 - 2029,12,"Krontaler Straße (Panke, id: 5867100, fluss-km: 11.40)",45.711209677419355,45.620000000000005,45.9055
5867101,2010,2010 - 2019,01,"Flaischlenstraße (Laake, id: 5867101, fluss-km: NA)",45.33419354838709,45.25,45.5085
5867101,2010,2010 - 2019,02,"Flaischlenstraße (Laake, id: 5867101, fluss-km: NA)",45.31557522123894,45.25,45.419999999999995
5867101,2010,2010 - 2019,03,"Flaischlenstraße (Laake, id: 5867101, fluss-km: NA)",45.31685483870967,45.26,45.4285
5867101,2010,2010 - 2019,04,"Flaischlenstraße (Laake, id: 5867101, fluss-km: NA)",45.291,45.249500000000005,45.4105
5867101,2010,2010 - 2019,05,"Flaischlenstraße (Laake, id: 5867101, fluss-km: NA)",45.236693548387095,45.169999999999995,45.2985
5867101,2010,2010 - 2019,06,"Flaischlenstraße (Laake, id: 5867101, fluss-km: NA)",45.21675,45.14,45.3105
5867101,2010,2010 - 2019,07,"Flaischlenstraße (Laake, id: 5867101, fluss-km: NA)",45.24241935483871,45.12,45.528499999999994
5867101,2010,2010 - 2019,08,"Flaischlenstraße (Laake, id: 5867101, fluss-km: NA)",45.20167741935484,45.129999999999995,45.339999999999996
5867101,2010,2010 - 2019,09,"Flaischlenstraße (Laake, id: 5867101, fluss-km: NA)",45.1838,45.12,45.3
5867101,2010,2010 - 2019,10,"Flaischlenstraße (Laake, id: 5867101, fluss-km: NA)",45.24838709677419,45.15,45.36
5867101,2010,2010 - 2019,11,"Flaischlenstraße (Laake, id: 5867101, fluss-km: NA)",45.37826666666666,45.25,45.54
5867101,2010,2010 - 2019,12,"Flaischlenstraße (Laake, id: 5867101, fluss-km: NA)",45.380322580645156,45.257,45.562999999999995
5867101,2020,2020 - 2029,01,"Flaischlenstraße (Laake, id: 5867101, fluss-km: NA)",45.32838709677419,45.26,45.47
5867101,2020,2020 - 2029,02,"Flaischlenstraße (Laake, id: 5867101, fluss-km: NA)",45.37957746478873,45.269999999999996,45.559999999999995
5867101,2020,2020 - 2029,03,"Flaischlenstraße (Laake, id: 5867101, fluss-km: NA)",45.348,45.29,45.433
5867101,2020,2020 - 2029,04,"Flaischlenstraße (Laake, id: 5867101, fluss-km: NA)",45.29976377952756,45.25,45.37
5867101,2020,2020 - 2029,05,"Flaischlenstraße (Laake, id: 5867101, fluss-km: NA)",45.23846774193548,45.19,45.29
5867101,2020,2020 - 2029,06,"Flaischlenstraße (Laake, id: 5867101, fluss-km: NA)",45.19133333333333,45.1595,45.269999999999996
5867101,2020,2020 - 2029,07,"Flaischlenstraße (Laake, id: 5867101, fluss-km: NA)",45.19806451612903,45.129999999999995,45.2955
5867101,2020,2020 - 2029,08,"Flaischlenstraße (Laake, id: 5867101, fluss-km: NA)",45.173870967741934,45.099999999999994,45.269999999999996
5867101,2020,2020 - 2029,09,"Flaischlenstraße (Laake, id: 5867101, fluss-km: NA)",45.16858333333333,45.129999999999995,45.2405
5867101,2020,2020 - 2029,10,"Flaischlenstraße (Laake, id: 5867101, fluss-km: NA)",45.20298387096774,45.15,45.29
5867101,2020,2020 - 2029,11,"Flaischlenstraße (Laake, id: 5867101, fluss-km: NA)",45.303916666666666,45.23,45.4005
5867101,2020,2020 - 2029,12,"Flaischlenstraße (Laake, id: 5867101, fluss-km: NA)",45.32798387096774,45.25,45.4985
5867201,1990,1990 - 1999,11,"Verteiler OP (Panke, id: 5867201, fluss-km: 8.70)",43.049666666666674,43.040000000000006,43.071000000000005
5867201,1990,1990 - 1999,12,"Verteiler OP (Panke, id: 5867201, fluss-km: 8.70)",43.08806451612904,43.065,43.125
5867201,2000,2000 - 2009,01,"Verteiler OP (Panke, id: 5867201, fluss-km: 8.70)",43.37832258064516,43.09,43.64
5867201,2000,2000 - 2009,02,"Verteiler OP (Panke, id: 5867201, fluss-km: 8.70)",43.4013074204947,43.150000000000006,43.769
5867201,2000,2000 - 2009,03,"Verteiler OP (Panke, id: 5867201, fluss-km: 8.70)",43.40325806451613,43.17,43.78
5867201,2000,2000 - 2009,04,"Verteiler OP (Panke, id: 5867201, fluss-km: 8.70)",43.3836,43.17,43.67
5867201,2000,2000 - 2009,05,"Verteiler OP (Panke, id: 5867201, fluss-km: 8.70)",43.360838709677424,43.164500000000004,43.64
5867201,2000,2000 - 2009,06,"Verteiler OP (Panke, id: 5867201, fluss-km: 8.70)",43.31646666666667,43.0495,43.59
5867201,2000,2000 - 2009,07,"Verteiler OP (Panke, id: 5867201, fluss-km: 8.70)",43.324161290322586,43.1,43.550000000000004
5867201,2000,2000 - 2009,08,"Verteiler OP (Panke, id: 5867201, fluss-km: 8.70)",43.30561290322581,43.06,43.6
5867201,2000,2000 - 2009,09,"Verteiler OP (Panke, id: 5867201, fluss-km: 8.70)",43.32853333333334,43.09,43.61000000000001
5867201,2000,2000 - 2009,10,"Verteiler OP (Panke, id: 5867201, fluss-km: 8.70)",43.328419354838715,43.054500000000004,43.660000000000004
5867201,2000,2000 - 2009,11,"Verteiler OP (Panke, id: 5867201, fluss-km: 8.70)",43.351400000000005,43.11000000000001,43.650000000000006
5867201,2000,2000 - 2009,12,"Verteiler OP (Panke, id: 5867201, fluss-km: 8.70)",43.367870967741936,43.13,43.730000000000004
5867201,2010,2010 - 2019,01,"Verteiler OP (Panke, id: 5867201, fluss-km: 8.70)",43.32470967741936,43.1045,43.6255
5867201,2010,2010 - 2019,02,"Verteiler OP (Panke, id: 5867201, fluss-km: 8.70)",43.310141843971635,43.1,43.56
5867201,2010,2010 - 2019,03,"Verteiler OP (Panke, id: 5867201, fluss-km: 8.70)",43.2975806451613,43.1,43.550000000000004
5867201,2010,2010 - 2019,04,"Verteiler OP (Panke, id: 5867201, fluss-km: 8.70)",43.294700000000006,43.1,43.56
5867201,2010,2010 - 2019,05,"Verteiler OP (Panke, id: 5867201, fluss-km: 8.70)",43.28625806451613,43.080000000000005,43.52
5867201,2010,2010 - 2019,06,"Verteiler OP (Panke, id: 5867201, fluss-km: 8.70)",43.284200000000006,43.0795,43.5
5867201,2010,2010 - 2019,07,"Verteiler OP (Panke, id: 5867201, fluss-km: 8.70)",43.33577419354839,43.050000000000004,43.785500000000006
5867201,2010,2010 - 2019,08,"Verteiler OP (Panke, id: 5867201, fluss-km: 8.70)",43.31335483870968,43.080000000000005,43.5655
5867201,2010,2010 - 2019,09,"Verteiler OP (Panke, id: 5867201, fluss-km: 8.70)",43.26063333333334,43,43.5005
5867201,2010,2010 - 2019,10,"Verteiler OP (Panke, id: 5867201, fluss-km: 8.70)",43.262,43.0645,43.6255
5867201,2010,2010 - 2019,11,"Verteiler OP (Panke, id: 5867201, fluss-km: 8.70)",43.25456666666667,42.78,43.620000000000005
5867201,2010,2010 - 2019,12,"Verteiler OP (Panke, id: 5867201, fluss-km: 8.70)",43.312225806451615,43.094500000000004,43.6
5867201,2020,2020 - 2029,01,"Verteiler OP (Panke, id: 5867201, fluss-km: 8.70)",43.539806451612904,43.470000000000006,43.81
5867201,2020,2020 - 2029,02,"Verteiler OP (Panke, id: 5867201, fluss-km: 8.70)",43.59042253521127,43.5,43.849000000000004
5867201,2020,2020 - 2029,03,"Verteiler OP (Panke, id: 5867201, fluss-km: 8.70)",43.551419354838714,43.440000000000005,43.723000000000006
5867201,2020,2020 - 2029,04,"Verteiler OP (Panke, id: 5867201, fluss-km: 8.70)",43.50070866141733,43.343,43.720000000000006
5867201,2020,2020 - 2029,05,"Verteiler OP (Panke, id: 5867201, fluss-km: 8.70)",43.39741935483871,43.230000000000004,43.550000000000004
5867201,2020,2020 - 2029,06,"Verteiler OP (Panke, id: 5867201, fluss-km: 8.70)",43.334500000000006,43.21,43.520500000000006
5867201,2020,2020 - 2029,07,"Verteiler OP (Panke, id: 5867201, fluss-km: 8.70)",43.28766129032258,43.2,43.3885
5867201,2020,2020 - 2029,08,"Verteiler OP (Panke, id: 5867201, fluss-km: 8.70)",43.29161290322581,43.190000000000005,43.417
5867201,2020,2020 - 2029,09,"Verteiler OP (Panke, id: 5867201, fluss-km: 8.70)",43.284666666666666,43.25,43.330000000000005
5867201,2020,2020 - 2029,10,"Verteiler OP (Panke, id: 5867201, fluss-km: 8.70)",43.34975806451613,43.24,43.57
5867201,2020,2020 - 2029,11,"Verteiler OP (Panke, id: 5867201, fluss-km: 8.70)",43.41133333333334,43.24,43.580000000000005
5867201,2020,2020 - 2029,12,"Verteiler OP (Panke, id: 5867201, fluss-km: 8.70)",43.50064516129032,43.43,43.6685
5867202,1990,1990 - 1999,11,"Verteiler UP (Panke, id: 5867202, fluss-km: 8.70)",42.69833333333333,42.69,42.709999999999994
5867202,1990,1990 - 1999,12,"Verteiler UP (Panke, id: 5867202, fluss-km: 8.70)",42.707419354838706,42.699999999999996,42.72
5867202,2000,2000 - 2009,01,"Verteiler UP (Panke, id: 5867202, fluss-km: 8.70)",43.0118064516129,42.699999999999996,43.335499999999996
5867202,2000,2000 - 2009,02,"Verteiler UP (Panke, id: 5867202, fluss-km: 8.70)",43.044346289752646,42.72,43.3
5867202,2000,2000 - 2009,03,"Verteiler UP (Panke, id: 5867202, fluss-km: 8.70)",43.05058064516129,42.669999999999995,43.41
5867202,2000,2000 - 2009,04,"Verteiler UP (Panke, id: 5867202, fluss-km: 8.70)",43.011599999999994,42.589999999999996,43.23049999999999
5867202,2000,2000 - 2009,05,"Verteiler UP (Panke, id: 5867202, fluss-km: 8.70)",43.03312903225806,42.61,43.239999999999995
5867202,2000,2000 - 2009,06,"Verteiler UP (Panke, id: 5867202, fluss-km: 8.70)",43.01693333333333,42.73,43.25
5867202,2000,2000 - 2009,07,"Verteiler UP (Panke, id: 5867202, fluss-km: 8.70)",42.937612903225805,42.739999999999995,43.16
5867202,2000,2000 - 2009,08,"Verteiler UP (Panke, id: 5867202, fluss-km: 8.70)",42.896032258064515,42.73,43.045500000000004
5867202,2000,2000 - 2009,09,"Verteiler UP (Panke, id: 5867202, fluss-km: 8.70)",42.91263333333333,42.79,43.030499999999996
5867202,2000,2000 - 2009,10,"Verteiler UP (Panke, id: 5867202, fluss-km: 8.70)",42.92896774193548,42.83,43.06999999999999
5867202,2000,2000 - 2009,11,"Verteiler UP (Panke, id: 5867202, fluss-km: 8.70)",43.00143333333333,42.86,43.199999999999996
5867202,2000,2000 - 2009,12,"Verteiler UP (Panke, id: 5867202, fluss-km: 8.70)",43.01103225806451,42.87,43.3455
5867202,2010,2010 - 2019,01,"Verteiler UP (Panke, id: 5867202, fluss-km: 8.70)",43.20154838709677,42.9045,43.51
5867202,2010,2010 - 2019,02,"Verteiler UP (Panke, id: 5867202, fluss-km: 8.70)",43.186524822695034,42.949999999999996,43.47
5867202,2010,2010 - 2019,03,"Verteiler UP (Panke, id: 5867202, fluss-km: 8.70)",43.17216129032258,42.91,43.445499999999996
5867202,2010,2010 - 2019,04,"Verteiler UP (Panke, id: 5867202, fluss-km: 8.70)",43.17743333333333,42.94,43.449999999999996
5867202,2010,2010 - 2019,05,"Verteiler UP (Panke, id: 5867202, fluss-km: 8.70)",43.152322580645155,42.83,43.41
5867202,2010,2010 - 2019,06,"Verteiler UP (Panke, id: 5867202, fluss-km: 8.70)",43.15593333333333,42.839999999999996,43.38999999999999
5867202,2010,2010 - 2019,07,"Verteiler UP (Panke, id: 5867202, fluss-km: 8.70)",43.17487096774193,42.86,43.43
5867202,2010,2010 - 2019,08,"Verteiler UP (Panke, id: 5867202, fluss-km: 8.70)",43.20516129032258,42.949999999999996,43.44
5867202,2010,2010 - 2019,09,"Verteiler UP (Panke, id: 5867202, fluss-km: 8.70)",43.17203333333333,42.959999999999994,43.41
5867202,2010,2010 - 2019,10,"Verteiler UP (Panke, id: 5867202, fluss-km: 8.70)",43.1438064516129,42.949999999999996,43.5
5867202,2010,2010 - 2019,11,"Verteiler UP (Panke, id: 5867202, fluss-km: 8.70)",43.155699999999996,42.75,43.51
5867202,2010,2010 - 2019,12,"Verteiler UP (Panke, id: 5867202, fluss-km: 8.70)",43.197161290322576,42.9045,43.489999999999995
5867202,2020,2020 - 2029,01,"Verteiler UP (Panke, id: 5867202, fluss-km: 8.70)",43.52548387096774,43.349999999999994,43.949999999999996
5867202,2020,2020 - 2029,02,"Verteiler UP (Panke, id: 5867202, fluss-km: 8.70)",43.56323943661972,43.349999999999994,43.989
5867202,2020,2020 - 2029,03,"Verteiler UP (Panke, id: 5867202, fluss-km: 8.70)",43.45341935483871,43.074,43.733
5867202,2020,2020 - 2029,04,"Verteiler UP (Panke, id: 5867202, fluss-km: 8.70)",43.439685039370076,43,43.73
5867202,2020,2020 - 2029,05,"Verteiler UP (Panke, id: 5867202, fluss-km: 8.70)",43.364919354838705,42.9315,43.51
5867202,2020,2020 - 2029,06,"Verteiler UP (Panke, id: 5867202, fluss-km: 8.70)",43.32716666666666,43.1445,43.5005
5867202,2020,2020 - 2029,07,"Verteiler UP (Panke, id: 5867202, fluss-km: 8.70)",43.299677419354836,43.171499999999995,43.47
5867202,2020,2020 - 2029,08,"Verteiler UP (Panke, id: 5867202, fluss-km: 8.70)",43.30048387096774,43.18,43.489999999999995
5867202,2020,2020 - 2029,09,"Verteiler UP (Panke, id: 5867202, fluss-km: 8.70)",43.26633333333333,42.849999999999994,43.44
5867202,2020,2020 - 2029,10,"Verteiler UP (Panke, id: 5867202, fluss-km: 8.70)",43.36241935483871,43.169999999999995,43.699999999999996
5867202,2020,2020 - 2029,11,"Verteiler UP (Panke, id: 5867202, fluss-km: 8.70)",43.42966666666666,43.29,43.72
5867202,2020,2020 - 2029,12,"Verteiler UP (Panke, id: 5867202, fluss-km: 8.70)",43.51443548387096,43.339999999999996,43.808499999999995
5867300,1990,1990 - 1999,11,"Heinersdorf (Panke, id: 5867300, fluss-km: 7.80)",42.34433333333333,42.32,42.3655
5867300,1990,1990 - 1999,12,"Heinersdorf (Panke, id: 5867300, fluss-km: 7.80)",42.369032258064514,42.33,42.43
5867300,2000,2000 - 2009,01,"Heinersdorf (Panke, id: 5867300, fluss-km: 7.80)",42.50267741935484,42.35,42.71
5867300,2000,2000 - 2009,02,"Heinersdorf (Panke, id: 5867300, fluss-km: 7.80)",42.526925795053,42.4,42.72
5867300,2000,2000 - 2009,03,"Heinersdorf (Panke, id: 5867300, fluss-km: 7.80)",42.5528064516129,42.449999999999996,42.75
5867300,2000,2000 - 2009,04,"Heinersdorf (Panke, id: 5867300, fluss-km: 7.80)",42.52083333333333,42.399499999999996,42.711000000000006
5867300,2000,2000 - 2009,05,"Heinersdorf (Panke, id: 5867300, fluss-km: 7.80)",42.50703225806451,42.32,42.699999999999996
5867300,2000,2000 - 2009,06,"Heinersdorf (Panke, id: 5867300, fluss-km: 7.80)",42.454966666666664,42.31,42.589999999999996
5867300,2000,2000 - 2009,07,"Heinersdorf (Panke, id: 5867300, fluss-km: 7.80)",42.431838709677415,42.339999999999996,42.5655
5867300,2000,2000 - 2009,08,"Heinersdorf (Panke, id: 5867300, fluss-km: 7.80)",42.42193548387097,42.3245,42.56
5867300,2000,2000 - 2009,09,"Heinersdorf (Panke, id: 5867300, fluss-km: 7.80)",42.42536666666667,42.35,42.5005
5867300,2000,2000 - 2009,10,"Heinersdorf (Panke, id: 5867300, fluss-km: 7.80)",42.44096774193548,42.37,42.5755
5867300,2000,2000 - 2009,11,"Heinersdorf (Panke, id: 5867300, fluss-km: 7.80)",42.48883333333333,42.39,42.640499999999996
5867300,2000,2000 - 2009,12,"Heinersdorf (Panke, id: 5867300, fluss-km: 7.80)",42.49761290322581,42.394499999999994,42.7055
5867300,2010,2010 - 2019,01,"Heinersdorf (Panke, id: 5867300, fluss-km: 7.80)",42.657548387096774,42.454499999999996,42.879999999999995
5867300,2010,2010 - 2019,02,"Heinersdorf (Panke, id: 5867300, fluss-km: 7.80)",42.65432624113475,42.4505,42.85
5867300,2010,2010 - 2019,03,"Heinersdorf (Panke, id: 5867300, fluss-km: 7.80)",42.64883870967742,42.46,42.8755
5867300,2010,2010 - 2019,04,"Heinersdorf (Panke, id: 5867300, fluss-km: 7.80)",42.636266666666664,42.449999999999996,42.89
5867300,2010,2010 - 2019,05,"Heinersdorf (Panke, id: 5867300, fluss-km: 7.80)",42.60474193548387,42.4,42.85
5867300,2010,2010 - 2019,06,"Heinersdorf (Panke, id: 5867300, fluss-km: 7.80)",42.5935,42.42,42.9005
5867300,2010,2010 - 2019,07,"Heinersdorf (Panke, id: 5867300, fluss-km: 7.80)",42.62451612903226,42.4,42.879999999999995
5867300,2010,2010 - 2019,08,"Heinersdorf (Panke, id: 5867300, fluss-km: 7.80)",42.633483870967744,42.43,42.839999999999996
5867300,2010,2010 - 2019,09,"Heinersdorf (Panke, id: 5867300, fluss-km: 7.80)",42.59493333333333,42.42,42.79
5867300,2010,2010 - 2019,10,"Heinersdorf (Panke, id: 5867300, fluss-km: 7.80)",42.59483870967742,42.41,42.8655
5867300,2010,2010 - 2019,11,"Heinersdorf (Panke, id: 5867300, fluss-km: 7.80)",42.6184,42.4,42.870999999999995
5867300,2010,2010 - 2019,12,"Heinersdorf (Panke, id: 5867300, fluss-km: 7.80)",42.66012903225806,42.47,42.87
5867300,2020,2020 - 2029,01,"Heinersdorf (Panke, id: 5867300, fluss-km: 7.80)",42.814129032258066,42.54,42.91
5867300,2020,2020 - 2029,02,"Heinersdorf (Panke, id: 5867300, fluss-km: 7.80)",42.82922535211267,42.72,42.929500000000004
5867300,2020,2020 - 2029,03,"Heinersdorf (Panke, id: 5867300, fluss-km: 7.80)",42.72535483870968,42.527,42.879999999999995
5867300,2020,2020 - 2029,04,"Heinersdorf (Panke, id: 5867300, fluss-km: 7.80)",42.72244094488189,42.592999999999996,42.83
5867300,2020,2020 - 2029,05,"Heinersdorf (Panke, id: 5867300, fluss-km: 7.80)",42.6941935483871,42.53,42.8285
5867300,2020,2020 - 2029,06,"Heinersdorf (Panke, id: 5867300, fluss-km: 7.80)",42.6675,42.587999999999994,42.769999999999996
5867300,2020,2020 - 2029,07,"Heinersdorf (Panke, id: 5867300, fluss-km: 7.80)",42.6466129032258,42.6,42.71
5867300,2020,2020 - 2029,08,"Heinersdorf (Panke, id: 5867300, fluss-km: 7.80)",42.63612903225806,42.56,42.699999999999996
5867300,2020,2020 - 2029,09,"Heinersdorf (Panke, id: 5867300, fluss-km: 7.80)",42.62658333333333,42.44949999999999,42.71
5867300,2020,2020 - 2029,10,"Heinersdorf (Panke, id: 5867300, fluss-km: 7.80)",42.66612903225806,42.56,42.74
5867300,2020,2020 - 2029,11,"Heinersdorf (Panke, id: 5867300, fluss-km: 7.80)",42.732083333333335,42.61,42.839999999999996
5867300,2020,2020 - 2029,12,"Heinersdorf (Panke, id: 5867300, fluss-km: 7.80)",42.82104838709677,42.75,42.9585
5867301,2010,2010 - 2019,01,"Venturigerinne (Malchower Fließgraben, id: 5867301, fluss-km: NA)",44.42072580645161,44.23,44.55
5867301,2010,2010 - 2019,02,"Venturigerinne (Malchower Fließgraben, id: 5867301, fluss-km: NA)",44.401858407079644,44.309999999999995,44.49799999999999
5867301,2010,2010 - 2019,03,"Venturigerinne (Malchower Fließgraben, id: 5867301, fluss-km: NA)",44.42483870967742,44.36,44.48
5867301,2010,2010 - 2019,04,"Venturigerinne (Malchower Fließgraben, id: 5867301, fluss-km: NA)",44.40425,44.339999999999996,44.48049999999999
5867301,2010,2010 - 2019,05,"Venturigerinne (Malchower Fließgraben, id: 5867301, fluss-km: NA)",44.3558064516129,44.281499999999994,44.41
5867301,2010,2010 - 2019,06,"Venturigerinne (Malchower Fließgraben, id: 5867301, fluss-km: NA)",44.35124999999999,44.209999999999994,44.48
5867301,2010,2010 - 2019,07,"Venturigerinne (Malchower Fließgraben, id: 5867301, fluss-km: NA)",44.357983870967736,44.169999999999995,44.727
5867301,2010,2010 - 2019,08,"Venturigerinne (Malchower Fließgraben, id: 5867301, fluss-km: NA)",44.321209677419354,44.18,44.56999999999999
5867301,2010,2010 - 2019,09,"Venturigerinne (Malchower Fließgraben, id: 5867301, fluss-km: NA)",44.2868,44.174499999999995,44.445499999999996
5867301,2010,2010 - 2019,10,"Venturigerinne (Malchower Fließgraben, id: 5867301, fluss-km: NA)",44.348580645161285,44.209999999999994,44.556
5867301,2010,2010 - 2019,11,"Venturigerinne (Malchower Fließgraben, id: 5867301, fluss-km: NA)",44.364799999999995,44.199999999999996,44.525499999999994
5867301,2010,2010 - 2019,12,"Venturigerinne (Malchower Fließgraben, id: 5867301, fluss-km: NA)",44.376838709677415,44.199999999999996,44.506
5867301,2020,2020 - 2029,01,"Venturigerinne (Malchower Fließgraben, id: 5867301, fluss-km: NA)",44.39438709677419,44.279999999999994,44.559999999999995
5867301,2020,2020 - 2029,02,"Venturigerinne (Malchower Fließgraben, id: 5867301, fluss-km: NA)",44.449929577464786,44.3505,44.61
5867301,2020,2020 - 2029,03,"Venturigerinne (Malchower Fließgraben, id: 5867301, fluss-km: NA)",44.44,44.38999999999999,44.51
5867301,2020,2020 - 2029,04,"Venturigerinne (Malchower Fließgraben, id: 5867301, fluss-km: NA)",44.41732283464567,44.37,44.486999999999995
5867301,2020,2020 - 2029,05,"Venturigerinne (Malchower Fließgraben, id: 5867301, fluss-km: NA)",44.38491935483871,44.2915,44.47
5867301,2020,2020 - 2029,06,"Venturigerinne (Malchower Fließgraben, id: 5867301, fluss-km: NA)",44.29833333333333,44.19949999999999,44.4705
5867301,2020,2020 - 2029,07,"Venturigerinne (Malchower Fließgraben, id: 5867301, fluss-km: NA)",44.31887096774193,44.169999999999995,44.5085
5867301,2020,2020 - 2029,08,"Venturigerinne (Malchower Fließgraben, id: 5867301, fluss-km: NA)",44.27129032258064,44.1615,44.43
5867301,2020,2020 - 2029,09,"Venturigerinne (Malchower Fließgraben, id: 5867301, fluss-km: NA)",44.23708333333333,44.159499999999994,44.39049999999999
5867301,2020,2020 - 2029,10,"Venturigerinne (Malchower Fließgraben, id: 5867301, fluss-km: NA)",44.31209677419354,44.18,44.459999999999994
5867301,2020,2020 - 2029,11,"Venturigerinne (Malchower Fließgraben, id: 5867301, fluss-km: NA)",44.36908333333333,44.2095,44.519999999999996
5867301,2020,2020 - 2029,12,"Venturigerinne (Malchower Fließgraben, id: 5867301, fluss-km: NA)",44.36040322580645,44.239999999999995,44.6055
5867401,2000,2000 - 2009,01,"Bürgerpark (Panke, id: 5867401, fluss-km: 4.27)",37.402741935483874,37.29,37.629000000000005
5867401,2000,2000 - 2009,02,"Bürgerpark (Panke, id: 5867401, fluss-km: 4.27)",37.40192982456141,37.358,37.502
5867401,2000,2000 - 2009,03,"Bürgerpark (Panke, id: 5867401, fluss-km: 4.27)",37.465483870967745,37.42,37.52
5867401,2000,2000 - 2009,04,"Bürgerpark (Panke, id: 5867401, fluss-km: 4.27)",37.46233333333333,37.37,37.61
5867401,2000,2000 - 2009,05,"Bürgerpark (Panke, id: 5867401, fluss-km: 4.27)",37.43693548387097,37.370999999999995,37.5195
5867401,2000,2000 - 2009,06,"Bürgerpark (Panke, id: 5867401, fluss-km: 4.27)",37.49066666666667,37.39,37.62
5867401,2000,2000 - 2009,07,"Bürgerpark (Panke, id: 5867401, fluss-km: 4.27)",37.541935483870965,37.4305,37.659000000000006
5867401,2000,2000 - 2009,08,"Bürgerpark (Panke, id: 5867401, fluss-km: 4.27)",37.35370967741935,37.29,37.44
5867401,2000,2000 - 2009,09,"Bürgerpark (Panke, id: 5867401, fluss-km: 4.27)",37.292,37.2695,37.34100000000001
5867401,2000,2000 - 2009,10,"Bürgerpark (Panke, id: 5867401, fluss-km: 4.27)",37.35376344086021,37.286,37.434
5867401,2000,2000 - 2009,11,"Bürgerpark (Panke, id: 5867401, fluss-km: 4.27)",37.40544444444445,37.34,37.575500000000005
5867401,2000,2000 - 2009,12,"Bürgerpark (Panke, id: 5867401, fluss-km: 4.27)",37.37505376344086,37.29599999999999,37.44
5867401,2010,2010 - 2019,01,"Bürgerpark (Panke, id: 5867401, fluss-km: 4.27)",37.5101935483871,37.3245,37.7155
5867401,2010,2010 - 2019,02,"Bürgerpark (Panke, id: 5867401, fluss-km: 4.27)",37.48968085106383,37.320499999999996,37.660000000000004
5867401,2010,2010 - 2019,03,"Bürgerpark (Panke, id: 5867401, fluss-km: 4.27)",37.483483870967746,37.32,37.68
5867401,2010,2010 - 2019,04,"Bürgerpark (Panke, id: 5867401, fluss-km: 4.27)",37.4743,37.31,37.68
5867401,2010,2010 - 2019,05,"Bürgerpark (Panke, id: 5867401, fluss-km: 4.27)",37.4618064516129,37.27,37.660000000000004
5867401,2010,2010 - 2019,06,"Bürgerpark (Panke, id: 5867401, fluss-km: 4.27)",37.529666666666664,37.299499999999995,37.8
5867401,2010,2010 - 2019,07,"Bürgerpark (Panke, id: 5867401, fluss-km: 4.27)",37.57641935483871,37.3245,37.7855
5867401,2010,2010 - 2019,08,"Bürgerpark (Panke, id: 5867401, fluss-km: 4.27)",37.553709677419356,37.39,37.71
5867401,2010,2010 - 2019,09,"Bürgerpark (Panke, id: 5867401, fluss-km: 4.27)",37.5193,37.35,37.7
5867401,2010,2010 - 2019,10,"Bürgerpark (Panke, id: 5867401, fluss-km: 4.27)",37.47112903225806,37.3,37.7
5867401,2010,2010 - 2019,11,"Bürgerpark (Panke, id: 5867401, fluss-km: 4.27)",37.4779,37.3,37.7005
5867401,2010,2010 - 2019,12,"Bürgerpark (Panke, id: 5867401, fluss-km: 4.27)",37.498451612903224,37.34,37.69
5867401,2020,2020 - 2029,01,"Bürgerpark (Panke, id: 5867401, fluss-km: 4.27)",37.56716129032258,37.437,37.69
5867401,2020,2020 - 2029,02,"Bürgerpark (Panke, id: 5867401, fluss-km: 4.27)",37.58267605633803,37.47,37.71
5867401,2020,2020 - 2029,03,"Bürgerpark (Panke, id: 5867401, fluss-km: 4.27)",37.50993548387097,37.37,37.653
5867401,2020,2020 - 2029,04,"Bürgerpark (Panke, id: 5867401, fluss-km: 4.27)",37.516299212598426,37.35,37.61
5867401,2020,2020 - 2029,05,"Bürgerpark (Panke, id: 5867401, fluss-km: 4.27)",37.519516129032255,37.3,37.63
5867401,2020,2020 - 2029,06,"Bürgerpark (Panke, id: 5867401, fluss-km: 4.27)",37.606,37.509499999999996,37.771
5867401,2020,2020 - 2029,07,"Bürgerpark (Panke, id: 5867401, fluss-km: 4.27)",37.60040322580645,37.51,37.727000000000004
5867401,2020,2020 - 2029,08,"Bürgerpark (Panke, id: 5867401, fluss-km: 4.27)",37.583145161290325,37.46,37.68
5867401,2020,2020 - 2029,09,"Bürgerpark (Panke, id: 5867401, fluss-km: 4.27)",37.534416666666665,37.329499999999996,37.64
5867401,2020,2020 - 2029,10,"Bürgerpark (Panke, id: 5867401, fluss-km: 4.27)",37.53193548387097,37.43,37.5985
5867401,2020,2020 - 2029,11,"Bürgerpark (Panke, id: 5867401, fluss-km: 4.27)",37.5775,37.43,37.75
5867401,2020,2020 - 2029,12,"Bürgerpark (Panke, id: 5867401, fluss-km: 4.27)",37.61120967741935,37.54,37.75
5867500,1980,1980 - 1989,01,"Kühnemannstraße (Panke, id: 5867500, fluss-km: 3.98)",37.19798387096774,36.97,37.378499999999995
5867500,1980,1980 - 1989,02,"Kühnemannstraße (Panke, id: 5867500, fluss-km: 3.98)",37.150442477876105,36.946,37.31399999999999
5867500,1980,1980 - 1989,03,"Kühnemannstraße (Panke, id: 5867500, fluss-km: 3.98)",37.108629032258065,36.919999999999995,37.376999999999995
5867500,1980,1980 - 1989,04,"Kühnemannstraße (Panke, id: 5867500, fluss-km: 3.98)",37.016416666666665,36.919999999999995,37.199999999999996
5867500,1980,1980 - 1989,05,"Kühnemannstraße (Panke, id: 5867500, fluss-km: 3.98)",37.0041129032258,36.89,37.208499999999994
5867500,1980,1980 - 1989,06,"Kühnemannstraße (Panke, id: 5867500, fluss-km: 3.98)",37.04308333333333,36.9,37.210499999999996
5867500,1980,1980 - 1989,07,"Kühnemannstraße (Panke, id: 5867500, fluss-km: 3.98)",37.06588709677419,36.89,37.26
5867500,1980,1980 - 1989,08,"Kühnemannstraße (Panke, id: 5867500, fluss-km: 3.98)",37.06193548387097,36.89,37.268499999999996
5867500,1980,1980 - 1989,09,"Kühnemannstraße (Panke, id: 5867500, fluss-km: 3.98)",37.02608333333333,36.87,37.19
5867500,1980,1980 - 1989,10,"Kühnemannstraße (Panke, id: 5867500, fluss-km: 3.98)",37.004677419354834,36.87,37.1785
5867500,1980,1980 - 1989,11,"Kühnemannstraße (Panke, id: 5867500, fluss-km: 3.98)",37.05813333333333,36.879999999999995,37.211
5867500,1980,1980 - 1989,12,"Kühnemannstraße (Panke, id: 5867500, fluss-km: 3.98)",37.15322580645161,36.879999999999995,37.33
5867500,1990,1990 - 1999,01,"Kühnemannstraße (Panke, id: 5867500, fluss-km: 3.98)",37.0216129032258,36.89,37.185500000000005
5867500,1990,1990 - 1999,02,"Kühnemannstraße (Panke, id: 5867500, fluss-km: 3.98)",37.032553191489356,36.87,37.199999999999996
5867500,1990,1990 - 1999,03,"Kühnemannstraße (Panke, id: 5867500, fluss-km: 3.98)",37.05474193548387,36.91,37.2655
5867500,1990,1990 - 1999,04,"Kühnemannstraße (Panke, id: 5867500, fluss-km: 3.98)",37.01923333333333,36.9,37.26
5867500,1990,1990 - 1999,05,"Kühnemannstraße (Panke, id: 5867500, fluss-km: 3.98)",37.018,36.879999999999995,37.3
5867500,1990,1990 - 1999,06,"Kühnemannstraße (Panke, id: 5867500, fluss-km: 3.98)",37.186766666666664,36.949999999999996,37.530499999999996
5867500,1990,1990 - 1999,07,"Kühnemannstraße (Panke, id: 5867500, fluss-km: 3.98)",37.24496774193548,36.9,37.6455
5867500,1990,1990 - 1999,08,"Kühnemannstraße (Panke, id: 5867500, fluss-km: 3.98)",37.13009677419355,36.879999999999995,37.63549999999999
5867500,1990,1990 - 1999,09,"Kühnemannstraße (Panke, id: 5867500, fluss-km: 3.98)",37.04133333333333,36.839999999999996,37.58
5867500,1990,1990 - 1999,10,"Kühnemannstraße (Panke, id: 5867500, fluss-km: 3.98)",36.98929032258064,36.839999999999996,37.419999999999995
5867500,1990,1990 - 1999,11,"Kühnemannstraße (Panke, id: 5867500, fluss-km: 3.98)",36.98403333333333,36.849999999999994,37.181000000000004
5867500,1990,1990 - 1999,12,"Kühnemannstraße (Panke, id: 5867500, fluss-km: 3.98)",36.99035483870968,36.87,37.15
5867500,2000,2000 - 2009,01,"Kühnemannstraße (Panke, id: 5867500, fluss-km: 3.98)",37.04841935483871,36.89,37.26
5867500,2000,2000 - 2009,02,"Kühnemannstraße (Panke, id: 5867500, fluss-km: 3.98)",37.08441696113074,36.949999999999996,37.29
5867500,2000,2000 - 2009,03,"Kühnemannstraße (Panke, id: 5867500, fluss-km: 3.98)",37.10432258064516,37,37.29
5867500,2000,2000 - 2009,04,"Kühnemannstraße (Panke, id: 5867500, fluss-km: 3.98)",37.064766666666664,36.959999999999994,37.25
5867500,2000,2000 - 2009,05,"Kühnemannstraße (Panke, id: 5867500, fluss-km: 3.98)",37.06274193548387,36.894499999999994,37.2155
5867500,2000,2000 - 2009,06,"Kühnemannstraße (Panke, id: 5867500, fluss-km: 3.98)",37.165166666666664,36.93,37.3705
5867500,2000,2000 - 2009,07,"Kühnemannstraße (Panke, id: 5867500, fluss-km: 3.98)",37.23025806451613,37.029999999999994,37.43
5867500,2000,2000 - 2009,08,"Kühnemannstraße (Panke, id: 5867500, fluss-km: 3.98)",37.084387096774194,36.93,37.2855
5867500,2000,2000 - 2009,09,"Kühnemannstraße (Panke, id: 5867500, fluss-km: 3.98)",36.96086666666666,36.879999999999995,37.12
5867500,2000,2000 - 2009,10,"Kühnemannstraße (Panke, id: 5867500, fluss-km: 3.98)",36.95564516129032,36.879999999999995,37.04
5867500,2000,2000 - 2009,11,"Kühnemannstraße (Panke, id: 5867500, fluss-km: 3.98)",37.01523333333333,36.94,37.1805
5867500,2000,2000 - 2009,12,"Kühnemannstraße (Panke, id: 5867500, fluss-km: 3.98)",37.01796774193548,36.94,37.195499999999996
5867500,2010,2010 - 2019,01,"Kühnemannstraße (Panke, id: 5867500, fluss-km: 3.98)",37.15687096774193,36.959999999999994,37.379999999999995
5867500,2010,2010 - 2019,02,"Kühnemannstraße (Panke, id: 5867500, fluss-km: 3.98)",37.13801418439716,36.9505,37.33
5867500,2010,2010 - 2019,03,"Kühnemannstraße (Panke, id: 5867500, fluss-km: 3.98)",37.13029032258064,36.949999999999996,37.35549999999999
5867500,2010,2010 - 2019,04,"Kühnemannstraße (Panke, id: 5867500, fluss-km: 3.98)",37.11966666666667,36.94,37.349999999999994
5867500,2010,2010 - 2019,05,"Kühnemannstraße (Panke, id: 5867500, fluss-km: 3.98)",37.13590322580645,36.919999999999995,37.415499999999994
5867500,2010,2010 - 2019,06,"Kühnemannstraße (Panke, id: 5867500, fluss-km: 3.98)",37.282266666666665,36.98949999999999,37.5905
5867500,2010,2010 - 2019,07,"Kühnemannstraße (Panke, id: 5867500, fluss-km: 3.98)",37.312612903225805,37.07,37.57
5867500,2010,2010 - 2019,08,"Kühnemannstraße (Panke, id: 5867500, fluss-km: 3.98)",37.244096774193544,37.0445,37.419999999999995
5867500,2010,2010 - 2019,09,"Kühnemannstraße (Panke, id: 5867500, fluss-km: 3.98)",37.16823333333333,36.91,37.419999999999995
5867500,2010,2010 - 2019,10,"Kühnemannstraße (Panke, id: 5867500, fluss-km: 3.98)",37.107903225806446,36.91,37.400999999999996
5867500,2010,2010 - 2019,11,"Kühnemannstraße (Panke, id: 5867500, fluss-km: 3.98)",37.11376666666666,36.8795,37.37
5867500,2010,2010 - 2019,12,"Kühnemannstraße (Panke, id: 5867500, fluss-km: 3.98)",37.15022580645161,36.959999999999994,37.349999999999994
5867500,2020,2020 - 2029,01,"Kühnemannstraße (Panke, id: 5867500, fluss-km: 3.98)",37.26141935483871,37.031,37.363
5867500,2020,2020 - 2029,02,"Kühnemannstraße (Panke, id: 5867500, fluss-km: 3.98)",37.28514084507042,37.181000000000004,37.379999999999995
5867500,2020,2020 - 2029,03,"Kühnemannstraße (Panke, id: 5867500, fluss-km: 3.98)",37.18496774193548,36.967,37.349999999999994
5867500,2020,2020 - 2029,04,"Kühnemannstraße (Panke, id: 5867500, fluss-km: 3.98)",37.18566929133858,36.98,37.309999999999995
5867500,2020,2020 - 2029,05,"Kühnemannstraße (Panke, id: 5867500, fluss-km: 3.98)",37.226612903225806,36.9315,37.418499999999995
5867500,2020,2020 - 2029,06,"Kühnemannstraße (Panke, id: 5867500, fluss-km: 3.98)",37.38175,37.11,37.559999999999995
5867500,2020,2020 - 2029,07,"Kühnemannstraße (Panke, id: 5867500, fluss-km: 3.98)",37.14629032258064,37.089999999999996,37.276999999999994
5867500,2020,2020 - 2029,08,"Kühnemannstraße (Panke, id: 5867500, fluss-km: 3.98)",37.232258064516124,37.131499999999996,37.37
5867500,2020,2020 - 2029,09,"Kühnemannstraße (Panke, id: 5867500, fluss-km: 3.98)",37.24375,36.94,37.41
5867500,2020,2020 - 2029,10,"Kühnemannstraße (Panke, id: 5867500, fluss-km: 3.98)",37.232499999999995,37.0815,37.348499999999994
5867500,2020,2020 - 2029,11,"Kühnemannstraße (Panke, id: 5867500, fluss-km: 3.98)",37.24525,37.099999999999994,37.4
5867500,2020,2020 - 2029,12,"Kühnemannstraße (Panke, id: 5867500, fluss-km: 3.98)",37.288790322580645,37.22,37.4385
5867600,2020,2020 - 2029,01,"Schönwalder Str. (Panke, id: 5867600, fluss-km: 0.90)",33.471612903225804,33.25,33.62
5867600,2020,2020 - 2029,02,"Schönwalder Str. (Panke, id: 5867600, fluss-km: 0.90)",33.47159420289855,33.278,33.62
5867600,2020,2020 - 2029,03,"Schönwalder Str. (Panke, id: 5867600, fluss-km: 0.90)",33.409032258064514,33.256,33.634
5867600,2020,2020 - 2029,04,"Schönwalder Str. (Panke, id: 5867600, fluss-km: 0.90)",33.4155223880597,33.313,33.6
5867600,2020,2020 - 2029,05,"Schönwalder Str. (Panke, id: 5867600, fluss-km: 0.90)",33.43,33.269999999999996,33.56
5867600,2020,2020 - 2029,06,"Schönwalder Str. (Panke, id: 5867600, fluss-km: 0.90)",33.4355,33.2795,33.56
5867600,2020,2020 - 2029,07,"Schönwalder Str. (Panke, id: 5867600, fluss-km: 0.90)",33.41564516129032,33.269999999999996,33.53
5867600,2020,2020 - 2029,08,"Schönwalder Str. (Panke, id: 5867600, fluss-km: 0.90)",33.42209677419355,33.240500000000004,33.5595
5867600,2020,2020 - 2029,09,"Schönwalder Str. (Panke, id: 5867600, fluss-km: 0.90)",33.42066666666667,33.26,33.51
5867600,2020,2020 - 2029,10,"Schönwalder Str. (Panke, id: 5867600, fluss-km: 0.90)",33.35709677419355,33.25,33.53
5867600,2020,2020 - 2029,11,"Schönwalder Str. (Panke, id: 5867600, fluss-km: 0.90)",33.364,33.226,33.58
5867600,2020,2020 - 2029,12,"Schönwalder Str. (Panke, id: 5867600, fluss-km: 0.90)",33.46774193548387,33.37,33.608999999999995
5867700,2000,2000 - 2009,01,"Pasewalker Brücke (Nordgraben, id: 5867700, fluss-km: 11.60)",41.95524193548387,41.7,42.327
5867700,2000,2000 - 2009,02,"Pasewalker Brücke (Nordgraben, id: 5867700, fluss-km: 11.60)",41.914955752212386,41.686,42.168
5867700,2000,2000 - 2009,03,"Pasewalker Brücke (Nordgraben, id: 5867700, fluss-km: 11.60)",41.96612903225807,41.7345,42.18
5867700,2000,2000 - 2009,04,"Pasewalker Brücke (Nordgraben, id: 5867700, fluss-km: 11.60)",41.81375,41.619499999999995,42.2
5867700,2000,2000 - 2009,05,"Pasewalker Brücke (Nordgraben, id: 5867700, fluss-km: 11.60)",41.76096774193548,41.63,42.0685
5867700,2000,2000 - 2009,06,"Pasewalker Brücke (Nordgraben, id: 5867700, fluss-km: 11.60)",41.83533333333333,41.67,42.25
5867700,2000,2000 - 2009,07,"Pasewalker Brücke (Nordgraben, id: 5867700, fluss-km: 11.60)",41.865887096774195,41.72,42.174
5867700,2000,2000 - 2009,08,"Pasewalker Brücke (Nordgraben, id: 5867700, fluss-km: 11.60)",41.83032258064516,41.73,41.997
5867700,2000,2000 - 2009,09,"Pasewalker Brücke (Nordgraben, id: 5867700, fluss-km: 11.60)",41.835166666666666,41.7395,41.99100000000001
5867700,2000,2000 - 2009,10,"Pasewalker Brücke (Nordgraben, id: 5867700, fluss-km: 11.60)",41.88193548387097,41.74,41.9885
5867700,2000,2000 - 2009,11,"Pasewalker Brücke (Nordgraben, id: 5867700, fluss-km: 11.60)",41.97683333333333,41.8195,42.2225
5867700,2000,2000 - 2009,12,"Pasewalker Brücke (Nordgraben, id: 5867700, fluss-km: 11.60)",41.964193548387094,41.78,42.1185
5867700,2010,2010 - 2019,01,"Pasewalker Brücke (Nordgraben, id: 5867700, fluss-km: 11.60)",41.958129032258064,41.67,42.2855
5867700,2010,2010 - 2019,02,"Pasewalker Brücke (Nordgraben, id: 5867700, fluss-km: 11.60)",41.92971631205674,41.68,42.2495
5867700,2010,2010 - 2019,03,"Pasewalker Brücke (Nordgraben, id: 5867700, fluss-km: 11.60)",41.93125806451613,41.72,42.11
5867700,2010,2010 - 2019,04,"Pasewalker Brücke (Nordgraben, id: 5867700, fluss-km: 11.60)",41.8936,41.71,42.089999999999996
5867700,2010,2010 - 2019,05,"Pasewalker Brücke (Nordgraben, id: 5867700, fluss-km: 11.60)",41.89351612903226,41.68,42.1
5867700,2010,2010 - 2019,06,"Pasewalker Brücke (Nordgraben, id: 5867700, fluss-km: 11.60)",41.92783333333333,41.67,42.25
5867700,2010,2010 - 2019,07,"Pasewalker Brücke (Nordgraben, id: 5867700, fluss-km: 11.60)",41.92670967741935,41.68,42.412
5867700,2010,2010 - 2019,08,"Pasewalker Brücke (Nordgraben, id: 5867700, fluss-km: 11.60)",41.92616129032258,41.67,42.36
5867700,2010,2010 - 2019,09,"Pasewalker Brücke (Nordgraben, id: 5867700, fluss-km: 11.60)",41.86183333333334,41.66,42.1805
5867700,2010,2010 - 2019,10,"Pasewalker Brücke (Nordgraben, id: 5867700, fluss-km: 11.60)",41.897612903225806,41.69,42.2755
5867700,2010,2010 - 2019,11,"Pasewalker Brücke (Nordgraben, id: 5867700, fluss-km: 11.60)",41.92636666666667,41.7,42.29
5867700,2010,2010 - 2019,12,"Pasewalker Brücke (Nordgraben, id: 5867700, fluss-km: 11.60)",41.901774193548384,41.68,42.195499999999996
5867700,2020,2020 - 2029,01,"Pasewalker Brücke (Nordgraben, id: 5867700, fluss-km: 11.60)",41.85503225806452,41.66,42.623
5867700,2020,2020 - 2029,02,"Pasewalker Brücke (Nordgraben, id: 5867700, fluss-km: 11.60)",41.960422535211265,41.6605,42.6775
5867700,2020,2020 - 2029,03,"Pasewalker Brücke (Nordgraben, id: 5867700, fluss-km: 11.60)",41.98896774193548,41.71,42.513
5867700,2020,2020 - 2029,04,"Pasewalker Brücke (Nordgraben, id: 5867700, fluss-km: 11.60)",41.819212598425196,41.65,42.177
5867700,2020,2020 - 2029,05,"Pasewalker Brücke (Nordgraben, id: 5867700, fluss-km: 11.60)",41.76008064516129,41.6515,42.18
5867700,2020,2020 - 2029,06,"Pasewalker Brücke (Nordgraben, id: 5867700, fluss-km: 11.60)",41.75666666666667,41.64,41.965
5867700,2020,2020 - 2029,07,"Pasewalker Brücke (Nordgraben, id: 5867700, fluss-km: 11.60)",41.8016935483871,41.66,42.117
5867700,2020,2020 - 2029,08,"Pasewalker Brücke (Nordgraben, id: 5867700, fluss-km: 11.60)",41.73032258064516,41.66,41.835499999999996
5867700,2020,2020 - 2029,09,"Pasewalker Brücke (Nordgraben, id: 5867700, fluss-km: 11.60)",41.74583333333333,41.65,42.170500000000004
5867700,2020,2020 - 2029,10,"Pasewalker Brücke (Nordgraben, id: 5867700, fluss-km: 11.60)",41.87201612903226,41.67,42.2885
5867700,2020,2020 - 2029,11,"Pasewalker Brücke (Nordgraben, id: 5867700, fluss-km: 11.60)",41.924416666666666,41.659499999999994,42.27
5867700,2020,2020 - 2029,12,"Pasewalker Brücke (Nordgraben, id: 5867700, fluss-km: 11.60)",41.82032258064516,41.65,42.327
5867900,2000,2000 - 2009,01,"Eisenbahnbrücke (Nordgraben, id: 5867900, fluss-km: 1.30)",32.3321146953405,32.25,32.41
5867900,2000,2000 - 2009,02,"Eisenbahnbrücke (Nordgraben, id: 5867900, fluss-km: 1.30)",32.33173228346457,32.15,32.42
5867900,2000,2000 - 2009,03,"Eisenbahnbrücke (Nordgraben, id: 5867900, fluss-km: 1.30)",32.349928315412185,32.269999999999996,32.43
5867900,2000,2000 - 2009,04,"Eisenbahnbrücke (Nordgraben, id: 5867900, fluss-km: 1.30)",32.35329629629629,32.2845,32.42
5867900,2000,2000 - 2009,05,"Eisenbahnbrücke (Nordgraben, id: 5867900, fluss-km: 1.30)",32.33806451612903,32.29,32.4
5867900,2000,2000 - 2009,06,"Eisenbahnbrücke (Nordgraben, id: 5867900, fluss-km: 1.30)",32.34062962962963,32.29,32.39
5867900,2000,2000 - 2009,07,"Eisenbahnbrücke (Nordgraben, id: 5867900, fluss-km: 1.30)",32.34985663082437,32.3,32.44
5867900,2000,2000 - 2009,08,"Eisenbahnbrücke (Nordgraben, id: 5867900, fluss-km: 1.30)",32.35594982078853,32.309000000000005,32.42
5867900,2000,2000 - 2009,09,"Eisenbahnbrücke (Nordgraben, id: 5867900, fluss-km: 1.30)",32.33844444444444,32.2545,32.41
5867900,2000,2000 - 2009,10,"Eisenbahnbrücke (Nordgraben, id: 5867900, fluss-km: 1.30)",32.33537634408602,32.28,32.391
5867900,2000,2000 - 2009,11,"Eisenbahnbrücke (Nordgraben, id: 5867900, fluss-km: 1.30)",32.3178,32.17,32.3905
5867900,2000,2000 - 2009,12,"Eisenbahnbrücke (Nordgraben, id: 5867900, fluss-km: 1.30)",32.32016129032258,32.25,32.38
5867900,2010,2010 - 2019,01,"Eisenbahnbrücke (Nordgraben, id: 5867900, fluss-km: 1.30)",32.339139784946234,32.28,32.449999999999996
5867900,2010,2010 - 2019,02,"Eisenbahnbrücke (Nordgraben, id: 5867900, fluss-km: 1.30)",32.329887640449435,32.269999999999996,32.487
5867900,2010,2010 - 2019,03,"Eisenbahnbrücke (Nordgraben, id: 5867900, fluss-km: 1.30)",32.32097087378641,32.28,32.42
5867900,2010,2010 - 2019,04,"Eisenbahnbrücke (Nordgraben, id: 5867900, fluss-km: 1.30)",32.2965,32.2395,32.35
5867900,2010,2010 - 2019,05,"Eisenbahnbrücke (Nordgraben, id: 5867900, fluss-km: 1.30)",32.279741100323626,32.14,32.35
5867900,2010,2010 - 2019,06,"Eisenbahnbrücke (Nordgraben, id: 5867900, fluss-km: 1.30)",32.279858657243814,32.042,32.35
5867900,2010,2010 - 2019,07,"Eisenbahnbrücke (Nordgraben, id: 5867900, fluss-km: 1.30)",32.2957928802589,32.05,32.412
5867900,2010,2010 - 2019,08,"Eisenbahnbrücke (Nordgraben, id: 5867900, fluss-km: 1.30)",32.28670967741935,32.1545,32.3755
5867900,2010,2010 - 2019,09,"Eisenbahnbrücke (Nordgraben, id: 5867900, fluss-km: 1.30)",32.28913333333333,32.199,32.35
5867900,2010,2010 - 2019,10,"Eisenbahnbrücke (Nordgraben, id: 5867900, fluss-km: 1.30)",32.305129032258066,32.24,32.37
5867900,2010,2010 - 2019,11,"Eisenbahnbrücke (Nordgraben, id: 5867900, fluss-km: 1.30)",32.31366666666666,32.26,32.380500000000005
5867900,2010,2010 - 2019,12,"Eisenbahnbrücke (Nordgraben, id: 5867900, fluss-km: 1.30)",32.31784511784512,32.269999999999996,32.362
5867900,2020,2020 - 2029,01,"Eisenbahnbrücke (Nordgraben, id: 5867900, fluss-km: 1.30)",32.279612903225804,32.24,32.4
5867900,2020,2020 - 2029,02,"Eisenbahnbrücke (Nordgraben, id: 5867900, fluss-km: 1.30)",32.29647887323944,32.24,32.448499999999996
5867900,2020,2020 - 2029,03,"Eisenbahnbrücke (Nordgraben, id: 5867900, fluss-km: 1.30)",32.28948387096774,32.24,32.356
5867900,2020,2020 - 2029,04,"Eisenbahnbrücke (Nordgraben, id: 5867900, fluss-km: 1.30)",32.25842519685039,32.16,32.327
5867900,2020,2020 - 2029,05,"Eisenbahnbrücke (Nordgraben, id: 5867900, fluss-km: 1.30)",32.27088709677419,32.2315,32.3185
5867900,2020,2020 - 2029,06,"Eisenbahnbrücke (Nordgraben, id: 5867900, fluss-km: 1.30)",32.271166666666666,32.2395,32.3115
5867900,2020,2020 - 2029,07,"Eisenbahnbrücke (Nordgraben, id: 5867900, fluss-km: 1.30)",32.28338709677419,32.23,32.338499999999996
5867900,2020,2020 - 2029,08,"Eisenbahnbrücke (Nordgraben, id: 5867900, fluss-km: 1.30)",32.258870967741935,32.21,32.3
5867900,2020,2020 - 2029,09,"Eisenbahnbrücke (Nordgraben, id: 5867900, fluss-km: 1.30)",32.26958333333333,32.24,32.3
5867900,2020,2020 - 2029,10,"Eisenbahnbrücke (Nordgraben, id: 5867900, fluss-km: 1.30)",32.27435483870968,32.25,32.32
5867900,2020,2020 - 2029,11,"Eisenbahnbrücke (Nordgraben, id: 5867900, fluss-km: 1.30)",32.278416666666665,32.25,32.339999999999996
5867900,2020,2020 - 2029,12,"Eisenbahnbrücke (Nordgraben, id: 5867900, fluss-km: 1.30)",32.28814516129032,32.25,32.3685
5869700,2010,2010 - 2019,01,"Krummendammbrücke (Neuenhagener Mühlenfließ, id: 5869700, fluss-km: 6.60)",37.61427419354839,37.49,37.86
5869700,2010,2010 - 2019,02,"Krummendammbrücke (Neuenhagener Mühlenfließ, id: 5869700, fluss-km: 6.60)",37.58442477876106,37.496,37.784
5869700,2010,2010 - 2019,03,"Krummendammbrücke (Neuenhagener Mühlenfließ, id: 5869700, fluss-km: 6.60)",37.59814516129032,37.519999999999996,37.78
5869700,2010,2010 - 2019,04,"Krummendammbrücke (Neuenhagener Mühlenfließ, id: 5869700, fluss-km: 6.60)",37.5505,37.43,37.8215
5869700,2010,2010 - 2019,05,"Krummendammbrücke (Neuenhagener Mühlenfließ, id: 5869700, fluss-km: 6.60)",37.469193548387096,37.4,37.5685
5869700,2010,2010 - 2019,06,"Krummendammbrücke (Neuenhagener Mühlenfließ, id: 5869700, fluss-km: 6.60)",37.45483333333333,37.39,37.5505
5869700,2010,2010 - 2019,07,"Krummendammbrücke (Neuenhagener Mühlenfließ, id: 5869700, fluss-km: 6.60)",37.46927419354839,37.31,37.847
5869700,2010,2010 - 2019,08,"Krummendammbrücke (Neuenhagener Mühlenfließ, id: 5869700, fluss-km: 6.60)",37.446935483870966,37.339999999999996,37.617
5869700,2010,2010 - 2019,09,"Krummendammbrücke (Neuenhagener Mühlenfließ, id: 5869700, fluss-km: 6.60)",37.41806666666667,37.3345,37.4955
5869700,2010,2010 - 2019,10,"Krummendammbrücke (Neuenhagener Mühlenfließ, id: 5869700, fluss-km: 6.60)",37.48051612903226,37.407,37.65
5869700,2010,2010 - 2019,11,"Krummendammbrücke (Neuenhagener Mühlenfließ, id: 5869700, fluss-km: 6.60)",37.550466666666665,37.45,37.79
5869700,2010,2010 - 2019,12,"Krummendammbrücke (Neuenhagener Mühlenfließ, id: 5869700, fluss-km: 6.60)",37.56290322580645,37.467,37.772999999999996
5869700,2020,2020 - 2029,01,"Krummendammbrücke (Neuenhagener Mühlenfließ, id: 5869700, fluss-km: 6.60)",37.48935483870968,37.39,37.65
5869700,2020,2020 - 2029,02,"Krummendammbrücke (Neuenhagener Mühlenfließ, id: 5869700, fluss-km: 6.60)",37.52964788732395,37.4,37.679500000000004
5869700,2020,2020 - 2029,03,"Krummendammbrücke (Neuenhagener Mühlenfließ, id: 5869700, fluss-km: 6.60)",37.496645161290324,37.4,37.603
5869700,2020,2020 - 2029,04,"Krummendammbrücke (Neuenhagener Mühlenfließ, id: 5869700, fluss-km: 6.60)",37.45669291338583,37.4,37.537
5869700,2020,2020 - 2029,05,"Krummendammbrücke (Neuenhagener Mühlenfließ, id: 5869700, fluss-km: 6.60)",37.41814516129032,37.37,37.48
5869700,2020,2020 - 2029,06,"Krummendammbrücke (Neuenhagener Mühlenfließ, id: 5869700, fluss-km: 6.60)",37.3815,37.21,37.51049999999999
5869700,2020,2020 - 2029,07,"Krummendammbrücke (Neuenhagener Mühlenfließ, id: 5869700, fluss-km: 6.60)",37.34854838709678,37.18,37.58
5869700,2020,2020 - 2029,08,"Krummendammbrücke (Neuenhagener Mühlenfließ, id: 5869700, fluss-km: 6.60)",37.33403225806452,37.18,37.54
5869700,2020,2020 - 2029,09,"Krummendammbrücke (Neuenhagener Mühlenfließ, id: 5869700, fluss-km: 6.60)",37.349666666666664,37.18,37.6305
5869700,2020,2020 - 2029,10,"Krummendammbrücke (Neuenhagener Mühlenfließ, id: 5869700, fluss-km: 6.60)",37.46709677419355,37.18,37.7885
5869700,2020,2020 - 2029,11,"Krummendammbrücke (Neuenhagener Mühlenfließ, id: 5869700, fluss-km: 6.60)",37.557833333333335,37.3595,37.8705
5869700,2020,2020 - 2029,12,"Krummendammbrücke (Neuenhagener Mühlenfließ, id: 5869700, fluss-km: 6.60)",37.49629032258064,37.33,37.872
5870100,1970,1970 - 1979,01,"Lichterfelde (Teltowkanal, id: 5870100, fluss-km: 15.69)",32.241146953405014,32.15,32.31
5870100,1970,1970 - 1979,02,"Lichterfelde (Teltowkanal, id: 5870100, fluss-km: 15.69)",32.22720472440945,32.17,32.3035
5870100,1970,1970 - 1979,03,"Lichterfelde (Teltowkanal, id: 5870100, fluss-km: 15.69)",32.25634408602151,32.19,32.31
5870100,1970,1970 - 1979,04,"Lichterfelde (Teltowkanal, id: 5870100, fluss-km: 15.69)",32.26262962962963,32.2,32.33
5870100,1970,1970 - 1979,05,"Lichterfelde (Teltowkanal, id: 5870100, fluss-km: 15.69)",32.26799283154122,32.2,32.32
5870100,1970,1970 - 1979,06,"Lichterfelde (Teltowkanal, id: 5870100, fluss-km: 15.69)",32.27937037037037,32.22,32.339999999999996
5870100,1970,1970 - 1979,07,"Lichterfelde (Teltowkanal, id: 5870100, fluss-km: 15.69)",32.27860215053764,32.21,32.33
5870100,1970,1970 - 1979,08,"Lichterfelde (Teltowkanal, id: 5870100, fluss-km: 15.69)",32.26752688172043,32.22,32.33
5870100,1970,1970 - 1979,09,"Lichterfelde (Teltowkanal, id: 5870100, fluss-km: 15.69)",32.27707407407407,32.22,32.339999999999996
5870100,1970,1970 - 1979,10,"Lichterfelde (Teltowkanal, id: 5870100, fluss-km: 15.69)",32.28032258064516,32.22,32.33
5870100,1970,1970 - 1979,11,"Lichterfelde (Teltowkanal, id: 5870100, fluss-km: 15.69)",32.246066666666664,32.12,32.31
5870100,1970,1970 - 1979,12,"Lichterfelde (Teltowkanal, id: 5870100, fluss-km: 15.69)",32.24906451612903,32.17,32.32
5870100,1980,1980 - 1989,01,"Lichterfelde (Teltowkanal, id: 5870100, fluss-km: 15.69)",32.2526129032258,32.19,32.3
5870100,1980,1980 - 1989,02,"Lichterfelde (Teltowkanal, id: 5870100, fluss-km: 15.69)",32.245583038869256,32.19,32.29899999999999
5870100,1980,1980 - 1989,03,"Lichterfelde (Teltowkanal, id: 5870100, fluss-km: 15.69)",32.24812903225806,32.18,32.3
5870100,1980,1980 - 1989,04,"Lichterfelde (Teltowkanal, id: 5870100, fluss-km: 15.69)",32.25273333333333,32.2,32.3
5870100,1980,1980 - 1989,05,"Lichterfelde (Teltowkanal, id: 5870100, fluss-km: 15.69)",32.26238709677419,32.21,32.31
5870100,1980,1980 - 1989,06,"Lichterfelde (Teltowkanal, id: 5870100, fluss-km: 15.69)",32.27963333333333,32.22,32.33
5870100,1980,1980 - 1989,07,"Lichterfelde (Teltowkanal, id: 5870100, fluss-km: 15.69)",32.29625806451613,32.24,32.339999999999996
5870100,1980,1980 - 1989,08,"Lichterfelde (Teltowkanal, id: 5870100, fluss-km: 15.69)",32.28764516129032,32.22,32.339999999999996
5870100,1980,1980 - 1989,09,"Lichterfelde (Teltowkanal, id: 5870100, fluss-km: 15.69)",32.284,32.24,32.32
5870100,1980,1980 - 1989,10,"Lichterfelde (Teltowkanal, id: 5870100, fluss-km: 15.69)",32.26725806451613,32.2145,32.31
5870100,1980,1980 - 1989,11,"Lichterfelde (Teltowkanal, id: 5870100, fluss-km: 15.69)",32.26776666666667,32.22,32.31
5870100,1980,1980 - 1989,12,"Lichterfelde (Teltowkanal, id: 5870100, fluss-km: 15.69)",32.27035483870968,32.22,32.3255
5870100,1990,1990 - 1999,01,"Lichterfelde (Teltowkanal, id: 5870100, fluss-km: 15.69)",32.26183870967742,32.22,32.3
5870100,1990,1990 - 1999,02,"Lichterfelde (Teltowkanal, id: 5870100, fluss-km: 15.69)",32.2727304964539,32.23,32.3195
5870100,1990,1990 - 1999,03,"Lichterfelde (Teltowkanal, id: 5870100, fluss-km: 15.69)",32.261870967741935,32.22,32.3
5870100,1990,1990 - 1999,04,"Lichterfelde (Teltowkanal, id: 5870100, fluss-km: 15.69)",32.262366666666665,32.22,32.3005
5870100,1990,1990 - 1999,05,"Lichterfelde (Teltowkanal, id: 5870100, fluss-km: 15.69)",32.28890322580645,32.23,32.339999999999996
5870100,1990,1990 - 1999,06,"Lichterfelde (Teltowkanal, id: 5870100, fluss-km: 15.69)",32.2998,32.23,32.36
5870100,1990,1990 - 1999,07,"Lichterfelde (Teltowkanal, id: 5870100, fluss-km: 15.69)",32.317,32.28,32.35
5870100,1990,1990 - 1999,08,"Lichterfelde (Teltowkanal, id: 5870100, fluss-km: 15.69)",32.324516129032254,32.29,32.36
5870100,1990,1990 - 1999,09,"Lichterfelde (Teltowkanal, id: 5870100, fluss-km: 15.69)",32.30596666666666,32.24,32.36
5870100,1990,1990 - 1999,10,"Lichterfelde (Teltowkanal, id: 5870100, fluss-km: 15.69)",32.29590322580645,32.24,32.339999999999996
5870100,1990,1990 - 1999,11,"Lichterfelde (Teltowkanal, id: 5870100, fluss-km: 15.69)",32.2842,32.23,32.35
5870100,1990,1990 - 1999,12,"Lichterfelde (Teltowkanal, id: 5870100, fluss-km: 15.69)",32.27367741935484,32.23,32.335499999999996
5870100,2000,2000 - 2009,01,"Lichterfelde (Teltowkanal, id: 5870100, fluss-km: 15.69)",32.33125806451613,32.269999999999996,32.37
5870100,2000,2000 - 2009,02,"Lichterfelde (Teltowkanal, id: 5870100, fluss-km: 15.69)",32.3247703180212,32.28,32.37
5870100,2000,2000 - 2009,03,"Lichterfelde (Teltowkanal, id: 5870100, fluss-km: 15.69)",32.31803225806451,32.28,32.36
5870100,2000,2000 - 2009,04,"Lichterfelde (Teltowkanal, id: 5870100, fluss-km: 15.69)",32.32973333333333,32.28,32.37
5870100,2000,2000 - 2009,05,"Lichterfelde (Teltowkanal, id: 5870100, fluss-km: 15.69)",32.343806451612906,32.31,32.38
5870100,2000,2000 - 2009,06,"Lichterfelde (Teltowkanal, id: 5870100, fluss-km: 15.69)",32.3425,32.31,32.37
5870100,2000,2000 - 2009,07,"Lichterfelde (Teltowkanal, id: 5870100, fluss-km: 15.69)",32.35229032258064,32.32,32.38
5870100,2000,2000 - 2009,08,"Lichterfelde (Teltowkanal, id: 5870100, fluss-km: 15.69)",32.349774193548384,32.32,32.39
5870100,2000,2000 - 2009,09,"Lichterfelde (Teltowkanal, id: 5870100, fluss-km: 15.69)",32.3467,32.31,32.38
5870100,2000,2000 - 2009,10,"Lichterfelde (Teltowkanal, id: 5870100, fluss-km: 15.69)",32.33829032258065,32.31,32.37
5870100,2000,2000 - 2009,11,"Lichterfelde (Teltowkanal, id: 5870100, fluss-km: 15.69)",32.3352,32.29,32.37
5870100,2000,2000 - 2009,12,"Lichterfelde (Teltowkanal, id: 5870100, fluss-km: 15.69)",32.335032258064516,32.3,32.37
5870100,2010,2010 - 2019,01,"Lichterfelde (Teltowkanal, id: 5870100, fluss-km: 15.69)",32.32,32.239,32.37
5870100,2010,2010 - 2019,02,"Lichterfelde (Teltowkanal, id: 5870100, fluss-km: 15.69)",32.32301418439716,32.201,32.3795
5870100,2010,2010 - 2019,03,"Lichterfelde (Teltowkanal, id: 5870100, fluss-km: 15.69)",32.32645161290323,32.28,32.37
5870100,2010,2010 - 2019,04,"Lichterfelde (Teltowkanal, id: 5870100, fluss-km: 15.69)",32.3438,32.3,32.39
5870100,2010,2010 - 2019,05,"Lichterfelde (Teltowkanal, id: 5870100, fluss-km: 15.69)",32.354290322580646,32.33,32.39
5870100,2010,2010 - 2019,06,"Lichterfelde (Teltowkanal, id: 5870100, fluss-km: 15.69)",32.35243333333333,32.31,32.39
5870100,2010,2010 - 2019,07,"Lichterfelde (Teltowkanal, id: 5870100, fluss-km: 15.69)",32.348677419354836,32.31,32.4
5870100,2010,2010 - 2019,08,"Lichterfelde (Teltowkanal, id: 5870100, fluss-km: 15.69)",32.3368064516129,32.29,32.38
5870100,2010,2010 - 2019,09,"Lichterfelde (Teltowkanal, id: 5870100, fluss-km: 15.69)",32.34576666666666,32.3,32.38
5870100,2010,2010 - 2019,10,"Lichterfelde (Teltowkanal, id: 5870100, fluss-km: 15.69)",32.34041935483871,32.29,32.38
5870100,2010,2010 - 2019,11,"Lichterfelde (Teltowkanal, id: 5870100, fluss-km: 15.69)",32.3433,32.29,32.38
5870100,2010,2010 - 2019,12,"Lichterfelde (Teltowkanal, id: 5870100, fluss-km: 15.69)",32.33174193548387,32.25,32.37
5870100,2020,2020 - 2029,01,"Lichterfelde (Teltowkanal, id: 5870100, fluss-km: 15.69)",32.32167741935484,32.297,32.35
5870100,2020,2020 - 2029,02,"Lichterfelde (Teltowkanal, id: 5870100, fluss-km: 15.69)",32.3181690140845,32.29,32.35
5870100,2020,2020 - 2029,03,"Lichterfelde (Teltowkanal, id: 5870100, fluss-km: 15.69)",32.32006451612903,32.3,32.339999999999996
5870100,2020,2020 - 2029,04,"Lichterfelde (Teltowkanal, id: 5870100, fluss-km: 15.69)",32.323070866141734,32.3,32.339999999999996
5870100,2020,2020 - 2029,05,"Lichterfelde (Teltowkanal, id: 5870100, fluss-km: 15.69)",32.326129032258066,32.31,32.339999999999996
5870100,2020,2020 - 2029,06,"Lichterfelde (Teltowkanal, id: 5870100, fluss-km: 15.69)",32.31966666666666,32.3,32.339999999999996
5870100,2020,2020 - 2029,07,"Lichterfelde (Teltowkanal, id: 5870100, fluss-km: 15.69)",32.31975806451613,32.3,32.33
5870100,2020,2020 - 2029,08,"Lichterfelde (Teltowkanal, id: 5870100, fluss-km: 15.69)",32.31975806451613,32.3,32.33
5870100,2020,2020 - 2029,09,"Lichterfelde (Teltowkanal, id: 5870100, fluss-km: 15.69)",32.32175,32.31,32.33
5870100,2020,2020 - 2029,10,"Lichterfelde (Teltowkanal, id: 5870100, fluss-km: 15.69)",32.31887096774194,32.31,32.33
5870100,2020,2020 - 2029,11,"Lichterfelde (Teltowkanal, id: 5870100, fluss-km: 15.69)",32.32066666666667,32.3,32.339999999999996
5870100,2020,2020 - 2029,12,"Lichterfelde (Teltowkanal, id: 5870100, fluss-km: 15.69)",32.321935483870966,32.3,32.339999999999996
5870400,1990,1990 - 1999,11,"Alsenbrücke (Griebnitzkanal, id: 5870400, fluss-km: 1.46)",29.300666666666665,29.2745,29.33
5870400,1990,1990 - 1999,12,"Alsenbrücke (Griebnitzkanal, id: 5870400, fluss-km: 1.46)",29.385161290322582,29.35,29.419999999999998
5870400,2000,2000 - 2009,01,"Alsenbrücke (Griebnitzkanal, id: 5870400, fluss-km: 1.46)",29.434645161290323,29.31,29.6755
5870400,2000,2000 - 2009,02,"Alsenbrücke (Griebnitzkanal, id: 5870400, fluss-km: 1.46)",29.481448763250885,29.34,29.63
5870400,2000,2000 - 2009,03,"Alsenbrücke (Griebnitzkanal, id: 5870400, fluss-km: 1.46)",29.491032258064514,29.34,29.71
5870400,2000,2000 - 2009,04,"Alsenbrücke (Griebnitzkanal, id: 5870400, fluss-km: 1.46)",29.430866666666667,29.29,29.72
5870400,2000,2000 - 2009,05,"Alsenbrücke (Griebnitzkanal, id: 5870400, fluss-km: 1.46)",29.32677419354839,29.25,29.41
5870400,2000,2000 - 2009,06,"Alsenbrücke (Griebnitzkanal, id: 5870400, fluss-km: 1.46)",29.305266666666668,29.24,29.37
5870400,2000,2000 - 2009,07,"Alsenbrücke (Griebnitzkanal, id: 5870400, fluss-km: 1.46)",29.31467741935484,29.25,29.419999999999998
5870400,2000,2000 - 2009,08,"Alsenbrücke (Griebnitzkanal, id: 5870400, fluss-km: 1.46)",29.320774193548388,29.26,29.43
5870400,2000,2000 - 2009,09,"Alsenbrücke (Griebnitzkanal, id: 5870400, fluss-km: 1.46)",29.316966666666666,29.27,29.39
5870400,2000,2000 - 2009,10,"Alsenbrücke (Griebnitzkanal, id: 5870400, fluss-km: 1.46)",29.332709677419356,29.27,29.43
5870400,2000,2000 - 2009,11,"Alsenbrücke (Griebnitzkanal, id: 5870400, fluss-km: 1.46)",29.371133333333333,29.29,29.5205
5870400,2000,2000 - 2009,12,"Alsenbrücke (Griebnitzkanal, id: 5870400, fluss-km: 1.46)",29.372032258064515,29.27,29.49
5870400,2010,2010 - 2019,01,"Alsenbrücke (Griebnitzkanal, id: 5870400, fluss-km: 1.46)",29.576451612903227,29.329,30.221
5870400,2010,2010 - 2019,02,"Alsenbrücke (Griebnitzkanal, id: 5870400, fluss-km: 1.46)",29.565944881889763,29.35,30.15
5870400,2010,2010 - 2019,03,"Alsenbrücke (Griebnitzkanal, id: 5870400, fluss-km: 1.46)",29.496129032258064,29.31,29.691
5870400,2010,2010 - 2019,04,"Alsenbrücke (Griebnitzkanal, id: 5870400, fluss-km: 1.46)",29.41922222222222,29.32,29.56
5870400,2010,2010 - 2019,05,"Alsenbrücke (Griebnitzkanal, id: 5870400, fluss-km: 1.46)",29.33483870967742,29.26,29.47
5870400,2010,2010 - 2019,06,"Alsenbrücke (Griebnitzkanal, id: 5870400, fluss-km: 1.46)",29.33562962962963,29.24,29.62
5870400,2010,2010 - 2019,07,"Alsenbrücke (Griebnitzkanal, id: 5870400, fluss-km: 1.46)",29.34695340501792,29.23,29.633
5870400,2010,2010 - 2019,08,"Alsenbrücke (Griebnitzkanal, id: 5870400, fluss-km: 1.46)",29.357491039426524,29.24,29.721
5870400,2010,2010 - 2019,09,"Alsenbrücke (Griebnitzkanal, id: 5870400, fluss-km: 1.46)",29.328666666666667,29.25,29.45
5870400,2010,2010 - 2019,10,"Alsenbrücke (Griebnitzkanal, id: 5870400, fluss-km: 1.46)",29.36931899641577,29.26,29.51
5870400,2010,2010 - 2019,11,"Alsenbrücke (Griebnitzkanal, id: 5870400, fluss-km: 1.46)",29.416851851851852,29.28,29.6555
5870400,2010,2010 - 2019,12,"Alsenbrücke (Griebnitzkanal, id: 5870400, fluss-km: 1.46)",29.49268817204301,29.31,29.820999999999998
5870400,2020,2020 - 2029,01,"Alsenbrücke (Griebnitzkanal, id: 5870400, fluss-km: 1.46)",29.46247311827957,29.37,29.7
5870400,2020,2020 - 2029,02,"Alsenbrücke (Griebnitzkanal, id: 5870400, fluss-km: 1.46)",29.54164705882353,29.364,29.78
5870400,2020,2020 - 2029,03,"Alsenbrücke (Griebnitzkanal, id: 5870400, fluss-km: 1.46)",29.41,29.31,29.5
5870400,2020,2020 - 2029,04,"Alsenbrücke (Griebnitzkanal, id: 5870400, fluss-km: 1.46)",29.382537313432834,29.293,29.487
5870400,2020,2020 - 2029,05,"Alsenbrücke (Griebnitzkanal, id: 5870400, fluss-km: 1.46)",29.310806451612905,29.27,29.35
5870400,2020,2020 - 2029,06,"Alsenbrücke (Griebnitzkanal, id: 5870400, fluss-km: 1.46)",29.307833333333335,29.27,29.400499999999997
5870400,2020,2020 - 2029,07,"Alsenbrücke (Griebnitzkanal, id: 5870400, fluss-km: 1.46)",29.32741935483871,29.3,29.37
5870400,2020,2020 - 2029,08,"Alsenbrücke (Griebnitzkanal, id: 5870400, fluss-km: 1.46)",29.32725806451613,29.29,29.36
5870400,2020,2020 - 2029,09,"Alsenbrücke (Griebnitzkanal, id: 5870400, fluss-km: 1.46)",29.3265,29.3,29.37
5870400,2020,2020 - 2029,10,"Alsenbrücke (Griebnitzkanal, id: 5870400, fluss-km: 1.46)",29.33741935483871,29.3,29.38
5870400,2020,2020 - 2029,11,"Alsenbrücke (Griebnitzkanal, id: 5870400, fluss-km: 1.46)",29.34583333333333,29.3,29.44
5870400,2020,2020 - 2029,12,"Alsenbrücke (Griebnitzkanal, id: 5870400, fluss-km: 1.46)",29.41216216216216,29.3,29.72
